id,borrowerAddress,numOfBorrows,numOfLoansRepaid,defaultRate,activeLoanValue,walletTotalValue,numOfUnderwaterLoans,numOfDefaultedUnderwaterLoans,recentLoanDefaultRate,createdAt,updatedAt,totalValueOfBorrows,valueOfNfts
1,Hjqamk6NFnXKTTQmSUwAuuJZFm3jskS1WdezsmYW2NVM,231,109,0.471861471861472,0,0,0,0,0,2023-05-02T03:41:57.239,2023-05-02T21:52:16.548,171.08934761,0
2,6se1yBgWeZQUsvpMAqZTZpVHHrGBMQr1thpzvtwESXa7,16,1,0.0625,0,0,0,0,0,2023-05-02T03:41:57.429,2023-05-02T21:51:31.27,11.890814284,0
3,AmRtTorsERHG9hVQVorGdZJbK5oRmHCCA6F224atoQs,9,5,0.555555555555556,0,0,0,0,0,2023-05-02T03:41:57.527,2023-05-02T21:51:31.411,58.12,0
4,FkQnn5L3YszPj8fMMghWFRmWvdekr1hiLymdUdruVyKo,1433,1175,0.819958129797627,0,0,0,0,0,2023-05-02T03:41:57.628,2023-05-02T21:51:30.627,3104.876400008,0
5,WN3bN2vHHthDEXBMpZWD8eHEeHygLbnCXMD9eX8u8mP,236,218,0.923728813559322,0,0,0,0,0,2023-05-02T03:41:57.732,2023-05-02T21:51:34.6,2847.673500004,0
6,BMRiJy6NykFAFAJKgzAXny6NEHrjreUatGFAK4eqaxH7,828,188,0.227053140096618,0,0,0,0,0,2023-05-02T03:41:57.847,2023-05-02T21:51:30.862,3795.78137975099,0
7,55WAR8yRmBJA8se2g82Yo9Ed5KkPv9aqss8And8Kftn2,41,19,0.463414634146341,0,0,0,0,0,2023-05-02T03:41:57.954,2023-05-02T21:51:36.563,565.230100002,0
8,Fuwi7B9eVm91SsHApz4qqJoD7KwhMNpbxRv4tVHB9biz,24,18,0.75,0,0,0,0,0,2023-05-02T03:41:58.058,2023-05-02T21:51:35.459,442.04,0
9,Hx1Juij1mc2NvYsWBj9G8hdnKEw27YrtHtmSuHn8xEkw,881,548,0.622020431328036,0,0,0,0,0,2023-05-02T03:41:58.158,2023-05-02T21:51:34.468,21677.549859813,0
10,FB88KNtEneJpD46sRnvLAZAKNy9iYcfezaCMdYNjT9wV,33,14,0.424242424242424,0,0,0,0,0,2023-05-02T03:41:58.263,2023-05-02T21:51:36.008,452.960183334,0
11,887QsD7EMbGDzaJfv1MZiqDUmCkq65GAsKCZ1hk2DtVZ,5,3,0.6,0,0,0,0,0,2023-05-02T03:41:58.364,2023-05-02T21:51:36.855,36.39,0
12,Vi1frqt4csxGKhwN6LMsmL4TpZQmgFZS8AgQVhqbzsF,54,43,0.796296296296296,0,0,0,0,0,2023-05-02T03:41:58.464,2023-05-02T21:51:37.133,881.75000001,0
13,BVBXqH8e6U2PBRoRLGQbqU26KqSgjVGCn27YZm5iVyRH,629,472,0.750397456279809,0,0,0,0,0,2023-05-02T03:41:58.567,2023-05-02T21:51:36.716,956.743352378999,0
14,AfsoCTS73Lq8T2LqQ1CG7ndaNNvjRvSvqY8LH4HV4qPh,911,728,0.799121844127333,0,0,0,0,0,2023-05-02T03:41:58.675,2023-05-02T21:51:34.89,6269.16626667802,0
15,59cNbG5c1KJdSTHFMq2up2EvnPxiZqCb6abztHnyKSW2,43,20,0.465116279069767,0,0,0,0,0,2023-05-02T03:41:58.78,2023-05-02T21:51:49.583,810.220000002,0
16,3eQupqsCtuBMY1Ch3imp2Whp76o3tyWKsaCxcfeY632f,612,416,0.679738562091503,0,0,0,0,0,2023-05-02T03:41:58.881,2023-05-02T21:51:31.686,640.546099994001,0
17,9647kmH4FriCa1bWqEDBdBqRzrn4TfzFUVbbSe6jiYUY,46,23,0.5,0,0,0,0,0,2023-05-02T03:41:58.98,2023-05-02T21:51:49.723,245.380166666,0
18,3g2vSGwqHs1MzqjiQFA4KEVFQjcfwxLbMJE9frS7JV3d,344,246,0.715116279069767,0,0,0,0,0,2023-05-02T03:41:59.088,2023-05-02T21:51:34.179,1372.728399998,0
19,HcKc3aJF3Z8YpfVjAyp67XZsvi9E7XuNsmMZXH4apAv1,385,95,0.246753246753247,0,0,0,0,0,2023-05-02T03:41:59.196,2023-05-02T21:51:33.489,1276.169016658,0
20,HpNYknorHrwkKU1fwe2E4kBYGRkvtJ5VfbjGjFvoi6ch,1370,911,0.664963503649635,0,0,0,0,0,2023-05-02T03:41:59.305,2023-05-02T21:51:33.623,22804.2034107239,0
21,4ZfGdyUcrGxQXFdYyzbTujFhh7FnXQqhZkxuyGDh3AcB,928,675,0.727370689655172,0,0,0,0,0,2023-05-02T03:41:59.41,2023-05-02T21:51:33.758,2914.395038085,0
22,2dK53GcKQWuHkviK1r2VQtU3rfuv8MMHjUckb3QiaADt,245,192,0.783673469387755,0,0,0,0,0,2023-05-02T03:41:59.512,2023-05-02T21:51:35.869,1009.746783328,0
23,GSWJJEoqV5gdjcpbFfiQYyyFTs1qApSoyW6TM6cG9DcS,150,130,0.866666666666667,0,0,0,0,0,2023-05-02T03:41:59.613,2023-05-02T21:51:39.438,561.000985714,0
24,9H8LGEzKrmpDCNHxpqB8wjimNViogghWoqSegeoLghWq,137,57,0.416058394160584,0,0,0,0,0,2023-05-02T03:41:59.715,2023-05-02T21:51:51.535,388.231485716,0
25,9WHhVJ6nmoTPUABk7G8eq4z7sE9ThFop3axuSApr1GoK,86,61,0.709302325581395,0,0,0,0,0,2023-05-02T03:41:59.818,2023-05-02T21:51:33.292,1055.970185715,0
26,9hK1K4Z67BkUhR9huFzeQtP11Jo1NMxX23i3k1yTE5G2,565,348,0.615929203539823,0,0,0,0,0,2023-05-02T03:41:59.924,2023-05-02T21:52:32.006,1237.467671423,0
27,Gu18DKrDjYADUW3VCJvqR8c9aiKtnwbbPr3qKk8QDJKY,409,50,0.122249388753056,0,0,0,0,0,2023-05-02T03:42:00.032,2023-05-02T21:51:38.444,1300.454449999,0
28,CPLnC4jzqycWhWvnswacV9jW1cZrZGkTaYFaEsruf2yC,21,10,0.476190476190476,0,0,0,0,0,2023-05-02T03:42:00.136,2023-05-02T21:51:31.132,58.14,0
29,5EA3cxJDgLUBjAmarLjHVkQgARshFS4ijpWY84o9uUTW,19,15,0.789473684210526,0,0,0,0,0,2023-05-02T03:42:00.334,2023-05-02T21:51:38.584,128.601,0
30,9sVBzX6K4sWVHveUpWQB1gCuynev33reuNu44b4bndHY,87,36,0.413793103448276,0,0,0,0,0,2023-05-02T03:42:00.543,2023-05-02T21:51:39.152,247.4001,0
31,8xjHAQZs9dxGmbLQmaoVr6Um39AEnBFxKpGdEukfweFo,325,237,0.729230769230769,0,0,0,0,0,2023-05-02T03:42:00.708,2023-05-02T21:51:30.995,12754.052000009,0
32,Euxe7kjt1FrwofzTu5nXsn2LcKh4RbbzJx425ryqnvBx,248,29,0.116935483870968,0,0,0,0,0,2023-05-02T03:42:00.819,2023-05-02T21:51:36.993,533.288183336,0
33,8SqcxZibqPrFc8BrPrJ4QRt7KsA3jAxPv3hsu2NKvF83,5,0,0,0,0,0,0,0,2023-05-02T03:42:00.944,2023-05-02T21:51:31.966,9.0601,0
34,7RZvGv6A8pLgvsBfNpyA9EQ8fUdxEF7yH5vfVqY2UA2a,518,366,0.706563706563707,0,0,0,0,0,2023-05-02T03:42:01.079,2023-05-02T21:51:31.827,1530.443636422,0
35,3qbjMesTbERkNVktDa6zfewcryiRg7DeBEULdDZT3qHD,28,25,0.892857142857143,0,0,0,0,0,2023-05-02T03:42:01.303,2023-05-02T21:51:35.731,162.14,0
36,GcKfNuVbVgiyT8i7TRudGjJYCinpRmwon514rs1WqQaa,1644,545,0.331508515815085,0,0,0,0,0,2023-05-02T03:42:01.493,2023-05-02T21:51:32.104,11810.733171687,0
37,FJamB5DqnBTd5hePj5M1TvQBvzfB3TALUUgA7mfe7pED,1355,979,0.722509225092251,0,0,0,0,0,2023-05-02T03:42:01.675,2023-05-02T21:51:33.14,11914.503683353,0
38,8epMgj44w9VdUa71ZgDq3zVdQVTw8o1FDqdSTQPtQ26z,69,19,0.27536231884058,0,0,0,0,0,2023-05-02T03:42:01.811,2023-05-02T21:51:37.267,391.190000001,0
39,6GwaHqbSNHSW2HrVXp82ZnCzrioQWAeY7HKjvFZDzNQy,260,179,0.688461538461538,0,0,0,0,0,2023-05-02T03:42:01.936,2023-05-02T21:51:37.41,3996.433399999,0
40,8aYy3eaDm8TfF2zgsBxRxyEnXV3K4QZsKMw9k2gNUFHA,1020,727,0.712745098039216,0,0,0,0,0,2023-05-02T03:42:02.044,2023-05-02T21:51:35.167,2949.92981127201,0
41,3SJzUUN8nMxeaDbbETgbhwziUpyV7tdE7SZSHRT9qv5e,798,619,0.775689223057644,0,0,0,0,0,2023-05-02T03:42:02.148,2023-05-02T21:51:36.278,8432.83623810002,0
42,58fLdoHA6rcKzWKhBy2fj2Ftgh7kuuct786CmatdPpFN,25,11,0.44,0,0,0,0,0,2023-05-02T03:42:02.25,2023-05-02T21:51:36.424,62.909999999,0
43,FdoUL6Y5BqCpQffu27y734PsjRk1YgWkYimaRW1p7zwE,39,30,0.769230769230769,0,0,0,0,0,2023-05-02T03:42:02.367,2023-05-02T21:52:27.361,286.140000001,0
44,2wFVW9LmRn32BtLV1DUqXsknzxiPJzYRhnG9teseLuLt,136,23,0.169117647058824,0,0,0,0,0,2023-05-02T03:42:02.493,2023-05-02T21:51:39.585,1676.5144,0
45,5NWq4PX8KRrq8P3PAaAkEqNcxA7hapWJxsANW3PXyLaA,211,74,0.350710900473934,0,0,0,0,0,2023-05-02T03:42:02.602,2023-05-02T21:51:35.307,11760.245300002,0
46,CGGSLjrLNwcJRjzbxMgTrpnup2nWDRyiNxyMGGZyuUSH,33,0,0,0,0,0,0,0,2023-05-02T03:42:02.71,2023-05-02T21:51:35.598,766.580300001,0
47,9E5XbmwJ2T2PRLgBwoEoREqkWQUdUraNe8MwfEtkc2Fn,92,85,0.923913043478261,0,0,0,0,0,2023-05-02T03:42:02.802,2023-05-02T21:51:49.861,354.4976,0
48,H5XKYBaym8eoh6MwxbuhZGxB2PnFAMphoVx6dPPqgqi6,817,465,0.569155446756426,0,0,0,0,0,2023-05-02T03:42:02.908,2023-05-02T21:51:36.146,3923.874587378,0
49,KeBjHZcS2Bv8DV6LYdWkv8oJP9j3PJucC2kLziFyADX,75,63,0.84,0,0,0,0,0,2023-05-02T03:42:03.018,2023-05-02T21:51:34.044,415.16,0
50,5M6bBKoXxMjVozzF7bFRpYo47PAQjSrhu9gnsXWz6wt3,1181,806,0.682472480948349,0,0,0,0,0,2023-05-02T03:42:03.12,2023-05-02T21:51:34.752,9163.46830001502,0
51,F9ZdfyatAGxVyk65hv5sVLUNucWTwAcUKunCySthgUBs,136,54,0.397058823529412,0,0,0,0,0,2023-05-02T03:42:03.224,2023-05-02T21:51:34.32,595.771204759,0
52,B6yz1aLmYCAHq5cTPBKxoQHLqRqvTQstWqXJ63LKXPXv,72,67,0.930555555555556,0,0,0,0,0,2023-05-02T03:42:03.331,2023-05-02T21:51:33.902,315.670000001,0
53,A9A3iqk34KkkpEHmBkyXkxYLcHyGqsua1YiywMjMRzLS,987,354,0.358662613981763,0,0,0,0,0,2023-05-02T03:42:03.449,2023-05-02T21:52:28.775,64560.947659628,0
54,E9sFTMBMuyFzvF2Co5S9FHteZm6NRseh6FPxUzkouXXY,514,187,0.363813229571984,0,0,0,0,0,2023-05-02T03:42:03.553,2023-05-02T21:51:49.998,4014.638919041,0
55,7rkFqHYroPGRNMMrjUmhTox7anmwZGcDQtsNngTEYGGi,88,27,0.306818181818182,0,0,0,0,0,2023-05-02T03:42:03.658,2023-05-02T21:51:39.294,170.813483326,0
56,2vjNjMJykwhJNuW2w9T3Narf7UnhECLE7CQmZ13F732v,86,77,0.895348837209302,0,0,0,0,0,2023-05-02T03:42:03.78,2023-05-02T21:51:41.82,485.0801,0
57,GR5DTfQmi3EGgriSMAjUkfUbrnzxnfmu3Vw5Tfu7fWtk,257,198,0.770428015564202,0,0,0,0,0,2023-05-02T03:42:03.889,2023-05-02T21:51:54.208,1094.42003007,0
58,HUuthwcM4tsNWS6RT91A5ueFWbbUdTHro5E13cuMXVX6,1552,983,0.633376288659794,0,0,0,0,0,2023-05-02T03:42:03.996,2023-05-02T21:51:53.327,4717.214599998,0
59,9XNM15JpPsrWEJY5khpkZVPpm5efV8xwP5dKJK1Kizng,68,1,0.0147058823529412,0,0,0,0,0,2023-05-02T03:42:04.098,2023-05-02T21:51:55.792,1532.43,0
60,AArRDmzY9gg2fq7XE89gqRwBVA4UepmitJKY7jEkhji9,845,704,0.833136094674556,0,0,0,0,0,2023-05-02T03:42:04.204,2023-05-02T21:51:54.507,3848.26790001701,0
61,7SvHssdxAiswtGdUqDhqWhJCeP4DxeNL7Q15HfmTv2r7,4073,2052,0.503805548735576,0,0,0,0,0,2023-05-02T03:42:04.31,2023-05-02T21:51:42.841,13924.39569923,0
62,9bvHpzTryG7gFLCGGV9ZGq9g9z7hS8ZbcVsTtcyKgKZM,13,8,0.615384615384615,0,0,0,0,0,2023-05-02T03:42:04.425,2023-05-02T21:51:42.987,331.1001,0
63,A6R3vogRayk97ARjVY5M1wPTuGyP8CJtMryFr4efAPC5,42,41,0.976190476190476,0,0,0,0,0,2023-05-02T03:42:04.53,2023-05-02T21:51:52.389,692.32,0
64,4DpTBx9yYkp1FF8XRVrWZAg3CyAowE6DyrgQq3MrDJ1S,2663,1116,0.419076229815997,0,0,0,0,0,2023-05-02T03:42:04.64,2023-05-02T21:51:51.112,14553.605800026,0
65,Ht3PwuxzkJePc7W9uxrDewj8W2fms5AxM8cxRedstK9L,924,600,0.649350649350649,0,0,0,0,0,2023-05-02T03:42:04.746,2023-05-02T21:51:54.063,4608.4793,0
66,AtMNU5WC8f8PwzAjHfhxspsayMHHP42j92TpLjKjs7zZ,108,40,0.37037037037037,0,0,0,0,0,2023-05-02T03:42:04.85,2023-05-02T21:51:42.564,234.340499996,0
67,DZVJiLoivwSSNah5cSbH1Mo78W3oUL1bRMsDZsy7AcH9,883,634,0.718006795016987,0,0,0,0,0,2023-05-02T03:42:04.953,2023-05-02T21:51:51.258,24654.4265273879,0
68,6AX7znAmccho1qjjZ2vjYnbcUy9CQ82jk5oRLXAjrmsG,486,346,0.711934156378601,0,0,0,0,0,2023-05-02T03:42:05.059,2023-05-02T21:51:51.674,3359.01130000701,0
69,6AGMWVs5yCBfYy5QrXkQwhDvdJUhs12Rd4oC2YR1JGUp,10,4,0.4,0,0,0,0,0,2023-05-02T03:42:05.167,2023-05-02T21:51:50.557,79.100000001,0
70,2XG367e43Pxu8Z19bCEqKyHyLqLJp2eyRh3feefMWKKn,106,86,0.811320754716981,0,0,0,0,0,2023-05-02T03:42:05.266,2023-05-02T21:52:29.999,2123.850100001,0
71,4cq3PqCsWpET7Jtru1zvZpUVBP3uVzesCjB5EKjTYkNF,147,27,0.183673469387755,0,0,0,0,0,2023-05-02T03:42:05.372,2023-05-02T21:51:51.959,296.906453655,0
72,AQBofzZkCX2K7jRMzrTGfbTWiVhkhNupKNNAWFMKRrja,20,13,0.65,0,0,0,0,0,2023-05-02T03:42:05.479,2023-05-02T21:51:55.653,264.2351,0
73,5BAEr9j5Xg9RxuJaDTTXgD5sGkVfDAS3YYH79vU75gmC,398,302,0.758793969849246,0,0,0,0,0,2023-05-02T03:42:05.58,2023-05-02T21:51:50.133,13026.292999859,0
74,EGSXLbSPuAg7CcCi8fqBANU5vsHrqFAGVdv22Rq7UTd4,71,46,0.647887323943662,0,0,0,0,0,2023-05-02T03:42:05.694,2023-05-02T21:51:50.284,1004.1565,0
75,5vkXtP8xSugqvsidxVgqxAu2UcL7oZGLFLhhx6gBRGz8,52,50,0.961538461538462,0,0,0,0,0,2023-05-02T03:42:05.793,2023-05-02T21:51:55.5,615.28,0
76,FcJCihaJQDy8nemvBAawgjYMSFjvuk22v9zsjcWxomZ9,21,7,0.333333333333333,0,0,0,0,0,2023-05-02T03:42:05.911,2023-05-02T21:51:54.646,53.670283333,0
77,CzkYbEEj6NgwQitS5jPr2uCFDnFehnGoPb5BzCm3MLs9,2,0,0,0,0,0,0,0,2023-05-02T03:42:06.015,2023-05-02T21:51:53.882,14.710000001,0
78,BXbiqFwegiLrJGfqyaGyt7arv5y6NoN5vcYjfCDvAD22,2307,1675,0.726051148677937,0,0,0,0,0,2023-05-02T03:42:06.118,2023-05-02T21:51:55.222,8044.24572498202,0
79,6AyYmU2osuUSKEixzaJakJRcykraNTgFibBEGHeVf54y,7,0,0,0,0,0,0,0,2023-05-02T03:42:06.224,2023-05-02T21:51:50.835,73.56,0
80,HF9ywQNQNsu1Jj8Nf95mzLRDf4gyL6ekDa7gVHjr3Mnn,22,13,0.590909090909091,0,0,0,0,0,2023-05-02T03:42:06.325,2023-05-02T21:51:42.701,113.850075002,0
81,B3bFqo3fabG6zNFoZy5boChY5dLbKQxbNF12bnndTeU8,127,69,0.543307086614173,0,0,0,0,0,2023-05-02T03:42:06.428,2023-05-02T21:51:56.376,293.953099999,0
82,B74FE1oMixhXDVjhW8A9DaLjMCj6AyZNCrrtoRgCkmVs,19,8,0.421052631578947,0,0,0,0,0,2023-05-02T03:42:06.528,2023-05-02T21:51:39.855,173.980000001,0
83,J96NdCtkJrDTPAJUGnUqY9ZMJSnHA5tf3LeBvhHXfWkz,43,15,0.348837209302326,0,0,0,0,0,2023-05-02T03:42:06.632,2023-05-02T21:51:42.119,213.640000002,0
84,BNsLDUaK4gbUpEgVKz2bYeVhbBjdoPMdjyeh1bCCdBxF,72,70,0.972222222222222,0,0,0,0,0,2023-05-02T03:42:06.775,2023-05-02T21:51:42.279,91.585199998,0
85,CMUEUgKG1r4AAJ1TaXnbUKsFBgfKQ3MDrmXHY3BtM3gS,82,65,0.792682926829268,0,0,0,0,0,2023-05-02T03:42:06.873,2023-05-02T21:51:41.681,1688.85,0
86,8EVf1rEKhRevFRhD3PaDnZGY1dbqqcJ52KDQxArfQMUQ,297,252,0.848484848484849,0,0,0,0,0,2023-05-02T03:42:06.986,2023-05-02T21:51:41.961,2266.372000005,0
87,6e5Spm6N749Dmoj5vY1pVqC3VmejWykrvyGozdBcPuFA,404,266,0.658415841584158,0,0,0,0,0,2023-05-02T03:42:07.098,2023-05-02T21:51:39.994,1936.835869054,0
88,H8ZSM8Lhv2ocwvWtMH9k7mp3amz2kbKCWvrBdFNdY9T1,718,375,0.522284122562674,0,0,0,0,0,2023-05-02T03:42:07.22,2023-05-02T21:51:40.135,131647.675708944,0
89,FGtX1srmfEyMdZPMWktQiMpPYk6Nvwmvs3uqEuUDKCmL,125,94,0.752,0,0,0,0,0,2023-05-02T03:42:07.329,2023-05-02T21:51:40.424,412.460440468,0
90,CR9gKkHk4HhESuC2gPiJ9pd3QBZLBZor1mwq83eMdDyd,112,105,0.9375,0,0,0,0,0,2023-05-02T03:42:07.445,2023-05-02T21:51:40.282,1278.582499998,0
91,GURgZfAyJJ1Ca6ELKApMZdSdw71QywqoZPLAUkMRaQnb,82,15,0.182926829268293,0,0,0,0,0,2023-05-02T03:42:07.554,2023-05-02T21:51:53.653,732.750275004,0
92,FocMV9BA4857pzrC2o6C45ZUE7ygx62aPoS5bcauL1oy,32,26,0.8125,0,0,0,0,0,2023-05-02T03:42:07.664,2023-05-02T21:51:51.396,81.310000001,0
93,H5GbmoAkLxTUQWM77Rpif5Cw73Xgj83bCk5zdXcu32fT,26,9,0.346153846153846,0,0,0,0,0,2023-05-02T03:42:07.768,2023-05-02T21:51:41.535,1469.74,0
94,5uHms4xyhCyRgzFJKaYGfWfcak6QAFXAAUvqpczKiLKe,185,114,0.616216216216216,0,0,0,0,0,2023-05-02T03:42:07.88,2023-05-02T21:51:42.417,317.950585712,0
95,7zy4CM3iXZeMDhdSenNkB26iPHQV7VbMU1GwVSpQBrxi,68,28,0.411764705882353,0,0,0,0,0,2023-05-02T03:42:07.985,2023-05-02T21:51:56.091,182.249999987,0
96,ED3N1JiRmXdqgtHP6GoZraECRDV6Az3diZAsthic5KVJ,1823,1341,0.735600658255623,0,0,0,0,0,2023-05-02T03:42:08.088,2023-05-02T21:51:52.764,27114.8718833489,0
97,8LNxFaCK5aEpRayz1B5afrWKsA5vQSVTpyEuDth84YK4,26,3,0.115384615384615,0,0,0,0,0,2023-05-02T03:42:08.194,2023-05-02T21:51:53.043,322.420166667,0
98,BYTak8a2aQXF3DMThvEYB1GfFtQ4bKxAt41GDvNVxwZE,971,727,0.748712667353244,0,0,0,0,0,2023-05-02T03:42:08.304,2023-05-02T21:51:52.584,4578.38100425101,0
99,CNnoDu29oTsTVZUDYagPvHx5LALspagzBNf94TqLXdF6,385,385,1,0,0,0,0,0,2023-05-02T03:42:08.422,2023-05-02T21:51:50.973,2187.963285709,0
100,F8Ywo5MV1sjnLZHYsXBAa69BMV1obQDGNuPCzFpJ8HVd,87,64,0.735632183908046,0,0,0,0,0,2023-05-02T03:42:08.535,2023-05-02T21:51:51.82,932.680583337,0
101,99JiUo9jjssT1H6zCSvRtN6ydaEgEFbBAc7vkTSKv32C,157,89,0.56687898089172,0,0,0,0,0,2023-05-02T03:42:08.633,2023-05-02T21:51:53.188,467.250499999,0
102,DHrhbFcQu4kuPLxn6hRfTK1eqTCMwEjSyxD9Vvwhs2uz,28,21,0.75,0,0,0,0,0,2023-05-02T03:42:08.75,2023-05-02T21:51:53.486,96.85,0
103,2REbnaK4fqpvH6uCN2nDSYe1LnKHB2Eocat7ifKUp8H2,190,161,0.847368421052632,0,0,0,0,0,2023-05-02T03:42:08.851,2023-05-02T21:51:50.418,3937.642500006,0
104,B1GzLhyBWXDaJWngMzjRFa38GtuktF2BARWZMyYHpsvA,91,79,0.868131868131868,0,0,0,0,0,2023-05-02T03:42:08.948,2023-05-02T21:51:52.23,897.541000001,0
105,9LcX2zRLqL94xk68mWgyHGxz5PrcfF3HvWqMtUmSTBGs,23,14,0.608695652173913,0,0,0,0,0,2023-05-02T03:42:09.054,2023-05-02T21:51:44.536,83.170000003,0
106,5EEK565TjKWFrkFHCHtRzwHbZBHZz13jQd2TzKCAg7rv,67,54,0.805970149253731,0,0,0,0,0,2023-05-02T03:42:09.156,2023-05-02T21:52:01.167,530.080183333,0
107,FvNufd9JFeF1Ph7EPronXHd9bPuGVwEvvk4rX8STZYg4,6,1,0.166666666666667,0,0,0,0,0,2023-05-02T03:42:09.258,2023-05-02T21:51:58.939,414.14,0
108,9KQ9tu6F4ajQbWt7LVxYcQFbo5Nh3npzCRhe4WbT41PX,619,62,0.10016155088853,0,0,0,0,0,2023-05-02T03:42:09.362,2023-05-02T21:51:55.357,3453.486199999,0
109,5gJ5dgzxeXorZ3im1xNb2rLrTJZuZr8eyUE99CDivKgF,17,2,0.117647058823529,0,0,0,0,0,2023-05-02T03:42:09.465,2023-05-02T21:51:43.466,199.7201,0
110,DbKrpjrpHW2FjiooYAumCZQeiNn5dwAzZVFCGSjpYQcR,345,233,0.67536231884058,0,0,0,0,0,2023-05-02T03:42:09.567,2023-05-02T21:51:43.625,2677.521324989,0
111,8BSY8JsXwK4myD4UwNWqKkzHH6VZAR6TdRdMAGRhJxAs,510,424,0.831372549019608,0,0,0,0,0,2023-05-02T03:42:09.672,2023-05-02T21:51:43.786,1559.3977,0
112,57VaVtubEVSzzqaScCCGZfTm8Re5pYPe3rqgwCLmHTpF,328,156,0.475609756097561,0,0,0,0,0,2023-05-02T03:42:09.773,2023-05-02T21:51:44.07,9727.183600007,0
113,DdaUg7Cbg8kw82ucRfKN7r2uPJdFXBFBDy6igdJ72gSL,75,5,0.0666666666666667,0,0,0,0,0,2023-05-02T03:42:09.9,2023-05-02T21:51:52.903,83.8515,0
114,MnMdKjwNbx8gZYzNYQLJ5aogv8EnVg32pP8XchZW46n,1196,1057,0.883779264214047,0,0,0,0,0,2023-05-02T03:42:10.004,2023-05-02T21:52:02.473,12212.910585718,0
115,HX8pHtadx5Z2U2JB8iizAZwHhLSa2nKbTq16BwKVZU41,23,14,0.608695652173913,0,0,0,0,0,2023-05-02T03:42:10.108,2023-05-02T21:51:55.066,555.1901,0
116,5vy1i5Cusv9uxRedcQbQZwUC1SkqD7hZM9jkDApHdzwF,16,11,0.6875,0,0,0,0,0,2023-05-02T03:42:10.205,2023-05-02T21:51:54.369,69.08,0
117,8AmrqeSajCTeEqtWtQuUX2sGs5ux3bazYk5YJqGemrCG,220,98,0.445454545454545,0,0,0,0,0,2023-05-02T03:42:10.31,2023-05-02T21:51:43.126,1126.351325003,0
118,2Avh45xRDobf4K2To2JzZK49HdxWvYZa4b4bSMZohCQz,374,283,0.75668449197861,0,0,0,0,0,2023-05-02T03:42:10.421,2023-05-02T21:51:46.368,617.429999999,0
119,HUCVagK86Rtq12uw9b3JqBAv2uRhokh7rhwsMbFjWRr7,579,457,0.789291882556131,0,0,0,0,0,2023-05-02T03:42:10.523,2023-05-02T21:52:03.042,2446.60027143,0
120,Bc72GkQxTMyG1Zd3vdTu3b3EXXW38Nb46Jupj2FfEGsj,191,164,0.858638743455497,0,0,0,0,0,2023-05-02T03:42:10.634,2023-05-02T21:52:00.502,265.4831,0
121,5KGPw9wYHEg73FAco4329pZvixUoympaybffHYumoafw,45,0,0,0,0,0,0,0,2023-05-02T03:42:10.742,2023-05-02T21:51:57.494,288.950399998,0
122,Fr6hTQd7QbKS6NQwjDGc531eurjtnLnXNQEPZJ1npMjv,1333,743,0.557389347336834,0,0,0,0,0,2023-05-02T03:42:10.842,2023-05-02T21:52:38.712,3920.71427379,0
123,EC6HYQaHYrWGdAhFCCjeEhg1Z6X7EsuTSAokwsNeV5Z9,398,233,0.585427135678392,0,0,0,0,0,2023-05-02T03:42:10.945,2023-05-02T21:52:00.852,14200.427750003,0
124,GBJbNF6fmYChQhTbhRZke8eM3DVhL6JSZYpKBT7NDzEe,244,177,0.725409836065574,0,0,0,0,0,2023-05-02T03:42:11.054,2023-05-02T21:52:01.014,1759.231366673,0
125,C3AziK2f5MKRzZPVjgWC3UJiXSJ4LzQCWJuHbYbe5MrH,62,57,0.919354838709677,0,0,0,0,0,2023-05-02T03:42:11.158,2023-05-02T21:51:54.785,438.7625,0
126,Aj52zEjm3if7eyuFxtfUbNDfzhzgiZ9Zobk9xJmaVq8L,4507,3939,0.873973818504548,0,0,0,0,0,2023-05-02T03:42:11.263,2023-05-02T21:52:01.314,76079.8260183291,0
127,8vdxVijh92iFMF1NWYeZSdS4BZQjivHG3MT9feTqrKvT,52,43,0.826923076923077,0,0,0,0,0,2023-05-02T03:42:11.369,2023-05-02T21:51:59.084,491.340000002,0
128,22RABhZKhPh9wsP6ZjVtF89Bnm5HRAtzs2raQ9DBPxEU,1454,729,0.501375515818432,0,0,0,0,0,2023-05-02T03:42:11.478,2023-05-02T21:51:59.223,2037.04005921,0
129,HA2JmCPp1zs6R7oqki3CafM1XhhV9aGWVaqziyQpQFz8,544,377,0.693014705882353,0,0,0,0,0,2023-05-02T03:42:11.58,2023-05-02T21:51:59.375,6497.70755712899,0
130,Hc7azWyo19ctu87zQjm3RKazMMJSZ1MHzgXWdXKGvJ7w,353,49,0.138810198300283,0,0,0,0,0,2023-05-02T03:42:11.687,2023-05-02T21:51:59.521,1318.640999999,0
131,AfmajkpHTp797ZoRWtSLmTtTJ6uepeNySX5HXzsvPntq,42,34,0.80952380952381,0,0,0,0,0,2023-05-02T03:42:11.788,2023-05-02T21:52:00.669,115.4874,0
132,CbQY9zfqvEz9mfyfCYwgrfC9TQw7QnBqhapccBez7XvF,90,60,0.666666666666667,0,0,0,0,0,2023-05-02T03:42:11.898,2023-05-02T21:52:32.159,100.8604,0
133,3JTvTH9kWPk8RBDTmFnyGw1VZwWP2xmEkKL4X7LGFocG,2,0,0,0,0,0,0,0,2023-05-02T03:42:12.019,2023-05-02T21:51:57.639,18.4,0
134,CKiAiyoxFaHCiN8jCCUWERDeuFBSrvFoAsT47pg8ifuL,1339,1099,0.820761762509335,0,0,0,0,0,2023-05-02T03:42:12.153,2023-05-02T21:51:43.28,14690.360562395,0
135,6oMCJfqWUdgTMSuPkPQuUVSUZZwxjiBJcf3uDw8LZzRE,643,408,0.63452566096423,0,0,0,0,0,2023-05-02T03:42:12.326,2023-05-02T21:52:38.937,64355.278222648,0
136,6L5wFKZ89Gcs6reXNKUL3K55su1SpTRKMXGqXX5cJLyx,559,533,0.953488372093023,0,0,0,0,0,2023-05-02T03:42:12.548,2023-05-02T21:51:58.07,1897.115160713,0
137,EXvw1T43DNuZYi3FypRyG4CqhFhoB7eBMuY5p5Sae8kH,299,292,0.976588628762542,0,0,0,0,0,2023-05-02T03:42:12.739,2023-05-02T21:51:55.944,471.342528571,0
138,FXuF7zf6iNpqPg2TMaVpqjQnu8aGQ9CZ5yURGz51RDFk,58,23,0.396551724137931,0,0,0,0,0,2023-05-02T03:42:12.872,2023-05-02T21:52:02.621,82.111783332,0
139,8ACfnZTEWwmPtrs4FDnWDYnrCsxhTtyfiK9hUFBARn3E,164,65,0.396341463414634,0,0,0,0,0,2023-05-02T03:42:12.989,2023-05-02T21:52:02.764,1206.880000006,0
140,HuiqnFL3tH5aYcm7RtSpRtNQTie5a9f8pC7dz8735ae1,262,150,0.572519083969466,0,0,0,0,0,2023-05-02T03:42:13.122,2023-05-02T21:52:02.334,12265.748685714,0
141,DBpM1VfDMts4PPQT4mmNQV1L6i8p35s98sx3yBG8m45F,72,45,0.625,0,0,0,0,0,2023-05-02T03:42:13.23,2023-05-02T21:51:44.21,608.9825,0
142,7wgjVKyinCx3SWUuWJjHtifZCDLiR2fBgKj9CwVGmNQq,16,13,0.8125,0,0,0,0,0,2023-05-02T03:42:13.346,2023-05-02T21:51:44.973,162.8001,0
143,3yGpLRrJEveuT5GwUk64LHvk9SVX4H8w9e2hxoEochzh,34,12,0.352941176470588,0,0,0,0,0,2023-05-02T03:42:13.458,2023-05-02T21:51:44.827,66.169999999,0
144,J9Mnr7qT6vYosQ5D89kArAb5SuBtwL8Xexc5QpZitZfL,32,18,0.5625,0,0,0,0,0,2023-05-02T03:42:13.561,2023-05-02T21:51:45.118,1213.06,0
145,3BjsJSKzfKotRHwTUc3zxjZQE1HSx2cZyHGgE6fmU8VP,2066,1886,0.912875121006776,0,0,0,0,0,2023-05-02T03:42:13.662,2023-05-02T21:51:45.278,24100.9990523919,0
146,7kybhCf7BcYQgayQkFfQbafLKdqccJd9Wn8c4XCh4D9Z,320,52,0.1625,0,0,0,0,0,2023-05-02T03:42:13.761,2023-05-02T21:52:02.908,5295.340907143,0
147,4kg2XoJTz5Y7zZsN7SFaxxpQVCZ74UF5VPyqbHahKGdm,62,16,0.258064516129032,0,0,0,0,0,2023-05-02T03:42:13.866,2023-05-02T21:51:44.357,247.431000001,0
148,9iU52dZbyZQqBCh5B6KeXrKWfqbGDfT7ZmjSo9eHzCqK,130,98,0.753846153846154,0,0,0,0,0,2023-05-02T03:42:13.976,2023-05-02T21:52:29.062,427.217599998,0
149,92ZkHdHLpjpdhHoV5EstgYFDy7DqpiPjb1HNpf17CmmP,493,340,0.689655172413793,0,0,0,0,0,2023-05-02T03:42:14.08,2023-05-02T21:51:52.09,388.946742848,0
150,FSHZdx73rEGcS5JXUXvW6h8i4AtsrfPTHcgcbXLVUD3A,266,183,0.68796992481203,0,0,0,0,0,2023-05-02T03:42:14.19,2023-05-02T21:51:56.236,15460.007900001,0
151,EAssdGusswdBfzdP3fmAjy5TsUfNogoij31b7ikKrkSq,21,10,0.476190476190476,0,0,0,0,0,2023-05-02T03:42:14.296,2023-05-02T21:51:57.924,1754.210085714,0
152,7w9aDosHcfyo7ikQqLWEWZ4hqhAvA8KLDqxiNZrkJ19e,216,172,0.796296296296296,0,0,0,0,0,2023-05-02T03:42:14.4,2023-05-02T21:51:54.932,842.506349998,0
153,7zGdsYuuzB1UdvXwCEuJ6VJeia61xKwhzE7eGbznaQU1,77,34,0.441558441558441,0,0,0,0,0,2023-05-02T03:42:14.51,2023-05-02T21:52:03.18,1258.980085716,0
154,4XYsPx9YrPAkoHNnRMryefsqbJ8UyuWw8fo42kCF2Axv,392,321,0.818877551020408,0,0,0,0,0,2023-05-02T03:42:14.613,2023-05-02T21:51:50.695,1658.389057147,0
155,ERMVuDSEqMFNfvjt9fXZCG6sr3AvKZ4yNjBauQfDdPqm,1619,740,0.457072266831377,0,0,0,0,0,2023-05-02T03:42:14.718,2023-05-02T21:52:03.319,3371.309888407,0
156,Hv4HTMy7BuWDgUd29XhMvNP8qU82Cjb6zUgkfkP3gSaW,522,307,0.588122605363985,0,0,0,0,0,2023-05-02T03:42:14.828,2023-05-02T21:51:44.683,3376.838400008,0
157,6DjAS3CQbqQjpm8rvXovZbBqNKSzhLSrufNGDury6pPu,199,107,0.537688442211055,0,0,0,0,0,2023-05-02T03:42:14.934,2023-05-02T21:51:49.439,482.196499999,0
158,FZYSqpdb1c1gXGp4atem3gKTrDwR9QP5bRPSfPeSVjhE,45,3,0.0666666666666667,0,0,0,0,0,2023-05-02T03:42:15.05,2023-05-02T21:52:07.833,49.52248095,0
159,HRG39FNig9SNaNYhH66u2JYxXwreqXXi6NsjpaAwStY3,27,21,0.777777777777778,0,0,0,0,0,2023-05-02T03:42:15.148,2023-05-02T21:51:58.792,376.469999999,0
160,6mjh9QBYpnnRoX7Z2AQyRNxP1uG195Qq63fjnH2FhgT9,15,7,0.466666666666667,0,0,0,0,0,2023-05-02T03:42:15.269,2023-05-02T21:52:01.653,83.03,0
161,8Q2NnBBkcE9bHd9fA1DQMzfCndou5PePq8HSyoWnE8S8,413,291,0.704600484261501,0,0,0,0,0,2023-05-02T03:42:15.387,2023-05-02T21:52:04.479,1114.817457138,0
162,HPfLQHzqc1mBdW1nQTxon9naa1FwgHh8jK61rhjVxuUA,2739,1533,0.559693318729463,0,0,0,0,0,2023-05-02T03:42:15.501,2023-05-02T21:52:04.778,13906.208823419,0
163,GHZNZteQFLMQYein8pVEPktDsjqhFJ7QaQ5ztJxocNZ8,29,1,0.0344827586206896,0,0,0,0,0,2023-05-02T03:42:15.609,2023-05-02T21:52:08.451,336.2,0
164,6wqAyYSymGMSsZwW86cVG4fKdPBkKAH2nT8yHYWGCnKr,6,3,0.5,0,0,0,0,0,2023-05-02T03:42:15.708,2023-05-02T21:51:56.653,686.52,0
165,ATStFyjqeNcPjTDhiTown4LLqofZAsLLju9tw5ZzCSXm,184,92,0.5,0,0,0,0,0,2023-05-02T03:42:15.824,2023-05-02T21:52:04.035,1075.550199999,0
166,59KstDiAG9zGiiReJPvUrqNusNEdYVtrE59ZNjmx9qj2,81,51,0.62962962962963,0,0,0,0,0,2023-05-02T03:42:15.931,2023-05-02T21:52:09.59,270.692885714,0
167,9Bnec8mgDDzS4C2qLTAzSbhQmnXhGdqsZPDyFhG1aZe2,52,21,0.403846153846154,0,0,0,0,0,2023-05-02T03:42:16.032,2023-05-02T21:51:31.545,1160.92,0
168,AnrfuiE6t8PnUi8JeqHbe4ydLKK2i7dYwhA98jk7jVyN,413,12,0.0290556900726392,0,0,0,0,0,2023-05-02T03:42:16.14,2023-05-02T21:52:00.344,1604.94668333,0
169,h36wDZWxaEzZe2JC59sZ2Gom99GPjocufUqNd93hC2N,3,2,0.666666666666667,0,0,0,0,0,2023-05-02T03:42:16.27,2023-05-02T21:52:37.548,10.74,0
170,FeuR5sd71MLpbmqNXPm9mfAAhu9U1K1JdhYuS7Dhode3,80,39,0.4875,0,0,0,0,0,2023-05-02T03:42:16.382,2023-05-02T21:51:59.84,120.5665,0
171,5jM3FA1udUSLwN72mnPi1cpVAMfcYUDG4cnRYMEhZAdM,46,18,0.391304347826087,0,0,0,0,0,2023-05-02T03:42:16.481,2023-05-02T21:51:56.514,238.25,0
172,5AvWUCP6K1evt6ccS312Ss2eBbkyyJ4nJE6qpTZHFf2b,344,297,0.863372093023256,0,0,0,0,0,2023-05-02T03:42:16.588,2023-05-02T21:51:46.084,1155.660085709,0
173,62ebE9MvuwnKbQi93Za6AVQAp1LfgN8jrdJmQQYtcXmb,149,106,0.711409395973154,0,0,0,0,0,2023-05-02T03:42:16.708,2023-05-02T21:51:45.605,2505.881990001,0
174,68g8Qz8GJr2UfC5AMwUse7fS8nEGYqTWJysyxg9R5Soy,23,2,0.0869565217391304,0,0,0,0,0,2023-05-02T03:42:16.846,2023-05-02T21:51:57.222,8.86,0
175,7Y7NvSDbAeEcXmXejisbrWrsArcNe8ajTdmcfnwLGm5z,813,401,0.493234932349323,0,0,0,0,0,2023-05-02T03:42:16.96,2023-05-02T21:51:45.933,4561.39826667801,0
176,CENHnzNMkbmi1d4nsV6zijWzGknbK9KTpTMzMYwBpXbY,56,19,0.339285714285714,0,0,0,0,0,2023-05-02T03:42:17.062,2023-05-02T21:51:46.809,109.972399999,0
178,Ezvs2xiYSLqHL59Y77dUfeyRfvrr1joEAfH3RpqWgbKM,239,0,0,0,0,0,0,0,2023-05-02T03:42:17.183,2023-05-02T21:51:46.959,479.45,0
179,39FniKsSeSyv7TuqjK7LqQaQiC7v7YMwJeE1sSDyU7EE,536,267,0.498134328358209,0,0,0,0,0,2023-05-02T03:42:17.294,2023-05-02T21:51:56.801,7400.07877355101,0
182,BocEFrgCgKNkTrmZ1iUG1B6BN6zFDtZC4AF1g7WPTmah,4,2,0.5,0,0,0,0,0,2023-05-02T03:42:17.418,2023-05-02T21:51:57.083,14.66,0
184,9pi8tmR6Uv7GxAJBRrHs7an9rUgtnXWhf3pDevRWsZDM,24,22,0.916666666666667,0,0,0,0,0,2023-05-02T03:42:17.54,2023-05-02T21:51:59.681,15.386099996,0
187,4RSSqER4YtpPzd4tNhaPVv4sr9ke1BJBQVuFMTp3W2Xo,164,151,0.920731707317073,0,0,0,0,0,2023-05-02T03:42:17.663,2023-05-02T21:51:58.216,1117.650100003,0
189,6vHBPvsDmicx7A8oZsJy3RV5NhuJ21eTo7omwa43x66a,19,10,0.526315789473684,0,0,0,0,0,2023-05-02T03:42:17.782,2023-05-02T21:52:01.986,40.32,0
191,PKVi11CmXgw2Y4pCFJoaTPmDNXeKKibMiMFMcUjVVW7,19,15,0.789473684210526,0,0,0,0,0,2023-05-02T03:42:17.914,2023-05-02T21:52:08.007,130.9,0
193,BYEGobmZgLZQRxoLVBpz4bEWdE1cmX8RG3wcZjvixZtR,52,9,0.173076923076923,0,0,0,0,0,2023-05-02T03:42:18.095,2023-05-02T21:51:57.354,42.656220587,0
196,2LfyGJrAT1gNzr3BKA6si2mNHLoCLtKbkRuZL86xtgaS,794,589,0.741813602015113,0,0,0,0,0,2023-05-02T03:42:18.342,2023-05-02T21:52:08.591,5650.808883332,0
198,AWFRbBVWNb9iBBSonK6ZyiAVfcchCTaiz9yHfprMzHkU,1052,990,0.94106463878327,0,0,0,0,0,2023-05-02T03:42:18.52,2023-05-02T21:52:39.325,3551.89106667301,0
201,67jkPGKSmbFFNvsHC5UuPwqJwkZ3VJMArj317vLzKqDJ,841,697,0.828775267538645,0,0,0,0,0,2023-05-02T03:42:18.622,2023-05-02T21:52:08.303,83041.7118000161,0
203,8na4P7pzLzB3jVrqytwc11AWdFs8Qw4RDyydv5Ly98rZ,9,5,0.555555555555556,0,0,0,0,0,2023-05-02T03:42:18.734,2023-05-02T21:51:58.507,61.26,0
206,9FXCWsGPBYtmDepEV7X6oxd6HojRQR6EWDWjadmCZUSR,6,4,0.666666666666667,0,0,0,0,0,2023-05-02T03:42:18.865,2023-05-02T21:52:01.5,21.48,0
208,DjXKETEYzkkG6YzegWgy78vpaPH1eBxaiGTVoQrkQNFP,393,276,0.702290076335878,0,0,0,0,0,2023-05-02T03:42:18.992,2023-05-02T21:51:46.651,7082.942000002,0
210,2MQjxaacUow7ActDkJXmafj143JDJrRfsQp4vs5ucCWx,246,95,0.386178861788618,0,0,0,0,0,2023-05-02T03:42:19.104,2023-05-02T21:52:22.534,3839.084000003,0
213,BaDZuN4M3TA5i4ahvxzEPJpDiZZQ2nM7DrZP5bLXgQfH,19,12,0.631578947368421,0,0,0,0,0,2023-05-02T03:42:19.22,2023-05-02T21:52:05.393,124.562700001,0
215,AirRTMdgjDNah9fSd74ATGVZcU4f1EX8ag8cUTrk7SCF,379,220,0.580474934036939,0,0,0,0,0,2023-05-02T03:42:19.345,2023-05-02T21:52:12.041,5486.61651666,0
217,TYQZTZCcEvxGovP8D4DfCW5ABpGpPmJhKWxULVAzM4e,556,476,0.856115107913669,0,0,0,0,0,2023-05-02T03:42:19.468,2023-05-02T21:52:10.153,34693.0650857179,0
220,6hF86vz7L9RrCuR9PHoQNYjw7e3qQPQiEjsCzEdtKhqD,866,811,0.9364896073903,0,0,0,0,0,2023-05-02T03:42:19.589,2023-05-02T21:52:36.402,4872.19970813101,0
222,GuKo8XqHopBe8J2BPELdUqX3S3ypPkK1WJmfdsnfRNTd,446,368,0.825112107623318,0,0,0,0,0,2023-05-02T03:42:19.733,2023-05-02T21:52:15.035,2055.863624973,0
225,6EAD7exX2jKAPwaxsyvaXWtTvUL4hBMG8DUDmP2p9Mff,34,16,0.470588235294118,0,0,0,0,0,2023-05-02T03:42:19.846,2023-05-02T21:52:15.387,1110.56,0
227,Bs9w4mM6EjnrAAbFWPULQsQemvf6D1bXKYnvRe2te8Yo,196,156,0.795918367346939,0,0,0,0,0,2023-05-02T03:42:19.977,2023-05-02T21:52:16.132,624.122000001,0
229,uoW9qsws5vPXWYja3JVcvkNmKRCWDE1jLnMMtxJEUQo,43,23,0.534883720930233,0,0,0,0,0,2023-05-02T03:42:20.099,2023-05-02T21:52:13.772,236.439999999,0
232,Ak9gDjsbNgimx3UAMHu3bHhq4G8boLocZyhjtL598zaM,79,70,0.886075949367089,0,0,0,0,0,2023-05-02T03:42:20.221,2023-05-02T21:52:11.446,951.612200011,0
234,8DNCyg6MgqXW5mqAeCDsjRxULAs4sLAtGBLfEUYWsMxT,2166,754,0.348107109879963,0,0,0,0,0,2023-05-02T03:42:20.341,2023-05-02T21:52:15.173,7891.52840001304,0
237,5y99qZ8upYKaaNy8HbbTPhcGxm8xwgaz5pikpkEcC2Wy,91,59,0.648351648351648,0,0,0,0,0,2023-05-02T03:42:20.453,2023-05-02T21:52:13.486,1129.623300003,0
239,EVPGQAde7DLp4xCfKs7Ewna92TNjJpp816JFoCLtzBmC,346,227,0.65606936416185,0,0,0,0,0,2023-05-02T03:42:20.576,2023-05-02T21:52:12.341,2623.857500011,0
241,EWJXS8mpq2Zd4GH2BqexixusXakmws4rn2vRr3bSFJ8m,16,13,0.8125,0,0,0,0,0,2023-05-02T03:42:20.695,2023-05-02T21:52:14.618,621.91,0
244,BKiZA8c86AW2oM8TJ6gypb5dc94oAvu8dH6aDpGiqJQ3,28,14,0.5,0,0,0,0,0,2023-05-02T03:42:20.813,2023-05-02T21:52:11.878,4439.090083332,0
246,EqrVszx2Eo6Vqyz65ZpLN9NEBYGasvvkjs72gT5zwGc8,62,22,0.354838709677419,0,0,0,0,0,2023-05-02T03:42:20.928,2023-05-02T21:52:12.763,388.670000001,0
248,EgMuMr6HXRxYDGeZhFKpjH41eUbkgyn196gFzYb31jwb,28,19,0.678571428571429,0,0,0,0,0,2023-05-02T03:42:21.051,2023-05-02T21:52:11.735,173.34,0
251,2iqgZTWqNo2AT6gt1zUbT5yABtycWiEhft4nwpGV8RK1,610,489,0.801639344262295,0,0,0,0,0,2023-05-02T03:42:21.169,2023-05-02T21:52:10.457,3708.127300004,0
253,9Z9iPbv3JctWNCb3kVwY4yqAcwHSnAB2ZziqN1anuN1d,192,122,0.635416666666667,0,0,0,0,0,2023-05-02T03:42:21.282,2023-05-02T21:52:12.899,93.729483327,0
255,CqsnifKcR7QjEXQHy9nq2iV3L1XFnucLxvJcTPr6F8ZX,10,6,0.6,0,0,0,0,0,2023-05-02T03:42:21.392,2023-05-02T21:52:37.996,300.87,0
258,9YkoSxCcy2ARUT1269JT9jSSug1jr2ERs9DhJGFRxtWd,129,110,0.852713178294574,0,0,0,0,0,2023-05-02T03:42:21.498,2023-05-02T21:52:13.201,157.126383334,0
260,EoBvV8yAwCvxEvW63HjruqxzaeKdM2tnWAD7Yup14cEh,6,1,0.166666666666667,0,0,0,0,0,2023-05-02T03:42:21.606,2023-05-02T21:52:15.694,277.74,0
262,Goeytr5R5aadGY4nUM45Ydy83sC4TVf3UWFswq91JDLP,19,8,0.421052631578947,0,0,0,0,0,2023-05-02T03:42:21.719,2023-05-02T21:52:14.068,136.710000001,0
265,77779uCYU5C9WEtau5sJ5uDEXDwNJwYT8tDpq7v6Bb62,116,87,0.75,0,0,0,0,0,2023-05-02T03:42:21.833,2023-05-02T21:52:11.305,348.86,0
267,2dAUz1kKgG2Mji4Qykaq5asFDdN8Hj7EqvwBbqW6sj23,392,269,0.686224489795918,0,0,0,0,0,2023-05-02T03:42:21.966,2023-05-02T21:52:10.998,287.861049971001,0
270,4pEXguQqLeYwvPCRxccCcLFwTkzgken7wQbM23UXzcGQ,3,2,0.666666666666667,0,0,0,0,0,2023-05-02T03:42:22.081,2023-05-02T21:52:14.486,220.18,0
272,7qZKGAZGHhDa86aC5J9az5zgrfGFTfh3mmF4wZXmunQx,2,0,0,0,0,0,0,0,2023-05-02T03:42:22.194,2023-05-02T21:52:13.908,111.5,0
274,GR99PMJHoDBP3kQnSBz9QxhFAs9ajWzEJpVTTYKQjr65,38,27,0.710526315789474,0,0,0,0,0,2023-05-02T03:42:22.31,2023-05-02T21:52:14.344,2629.442500002,0
277,Ez1UbFFxozwXy3aaxQpeq85MrAGrU2xZgLAYF2Ts23Yv,57,36,0.631578947368421,0,0,0,0,0,2023-05-02T03:42:22.414,2023-05-02T21:52:16.409,1339.930185717,0
279,GibMmJqnegfwzgsLFgQhRxFTCq7kisH8sKwtNNjeLxTo,26,15,0.576923076923077,0,0,0,0,0,2023-05-02T03:42:22.525,2023-05-02T21:52:15.993,156.1601,0
281,EvqgfLJosjSi5UL51h2ZQCkXvR8CNop1n16zZ4nq89sB,59,54,0.915254237288136,0,0,0,0,0,2023-05-02T03:42:22.644,2023-05-02T21:52:14.757,315.860000001,0
284,iNKeDDEgCFB5bYTN3fKeCBefyTfmyRKTMBsr1eVVtGT,42,17,0.404761904761905,0,0,0,0,0,2023-05-02T03:42:22.77,2023-05-02T21:52:05.576,36.89,0
286,DjkBxevcw7MNUAiHWodiLVNEgyC9n6S8uVDTdyfAcoDA,3256,1449,0.44502457002457,0,0,0,0,0,2023-05-02T03:42:22.884,2023-05-02T21:52:04.196,6148.97674704704,0
288,Ch7PyYvZ7PrpgAa1Lq2oqDKewr9wNWpVCwoaEqxtmVuG,2,1,0.5,0,0,0,0,0,2023-05-02T03:42:23.002,2023-05-02T21:52:10.867,13.43,0
291,EnACqqdmiYtw9usvMa4uaM7kEiJJVYVDzYgc7qb91LS1,2,0,0,0,0,0,0,0,2023-05-02T03:42:23.134,2023-05-02T21:52:12.619,20.59,0
293,o2B9Hydgyat5wHkqNf63z4upMAch3Z4dMhtVw3gfpGj,197,56,0.284263959390863,0,0,0,0,0,2023-05-02T03:42:23.288,2023-05-02T21:52:37.784,214.024399994,0
296,FN9LnPzqZiuc6pTCrygRJNg38352MqB7NSX96WwNRgJ8,16,14,0.875,0,0,0,0,0,2023-05-02T03:42:23.42,2023-05-02T21:52:15.562,251.700000001,0
299,4Dy4oB3sAXFKrkRvukjZNJtkkKpG6cbBTPDydxohsmq4,99,91,0.919191919191919,0,0,0,0,0,2023-05-02T03:42:23.565,2023-05-02T21:52:26.402,1941.860100001,0
302,52RQgPpZpVPUYybWw8i7QgvY1C8HnBMGrNLxJRqQkNHP,405,304,0.750617283950617,0,0,0,0,0,2023-05-02T03:42:23.683,2023-05-02T21:52:17.527,13197.107161561,0
306,E7o97GCtGx9TXuD9MdYZdeobUa1VsF2wNvV9KdTCtHQs,28,16,0.571428571428571,0,0,0,0,0,2023-05-02T03:42:23.795,2023-05-02T21:52:19.874,101.31,0
310,4aZNU3Uku2999hCUGSYcKamKXfYJHVzN3N9S7jMo4bXT,38,13,0.342105263157895,0,0,0,0,0,2023-05-02T03:42:23.923,2023-05-02T21:52:22.259,1087.021766666,0
314,9TXZANiHg8cE1iodhMWajoVc3yFisoqyEduerHvqXQBA,201,62,0.308457711442786,0,0,0,0,0,2023-05-02T03:42:24.049,2023-05-02T21:52:21.125,871.216123084,0
317,HLTpHPyNWbC4xsQskcNhS7es4f9DC1KKfNHBm3KresuC,17,6,0.352941176470588,0,0,0,0,0,2023-05-02T03:42:24.235,2023-05-02T21:52:20.583,615.6225,0
321,8pmLS4YSRkQiB8Gheos1YQzzysjMATmADtjrEqC2H3r6,615,471,0.765853658536585,0,0,0,0,0,2023-05-02T03:42:24.459,2023-05-02T21:52:19.34,9849.39875715401,0
325,2ibiXo3k1Ek93LSW513om5QFCXULwtGLCfvYY2TJpVsG,11,10,0.909090909090909,0,0,0,0,0,2023-05-02T03:42:24.641,2023-05-02T21:51:35.029,82.410000002,0
706,2j9LfGaD99iz5r8Km54CUxc5hwFzGg7fWgdwkzjo5Cng,17,12,0.705882352941177,0,0,0,0,0,2023-05-02T03:55:01.624,2023-05-02T21:51:46.223,160.3001,0
707,CWuApmEgXF55cZmWWX3hymJxwesWyjPPwkgFLcceR3E9,284,200,0.704225352112676,0,0,0,0,0,2023-05-02T03:55:01.787,2023-05-02T21:51:56.943,7006.016666675,0
709,ETRBKsm4A1ytxKLoYdqLNe4jc1M5PpZRhh9F2suxSqYj,258,258,1,0,0,0,0,0,2023-05-02T03:55:01.982,2023-05-02T21:52:03.891,1035.374499997,0
710,GWt2aCX63BQVZmiKBaSohW9uv89Qb2aR3QNSouFVXN1b,1369,1041,0.760409057706355,0,0,0,0,0,2023-05-02T03:55:02.081,2023-05-02T21:52:02.153,10487.863585725,0
711,3RhYPCAkUNwZ2RopLuKhNoiyxXnKMEopKd5eNsmT5Pbg,921,580,0.629750271444082,0,0,0,0,0,2023-05-02T03:55:02.183,2023-05-02T21:51:57.778,5754.74000000201,0
712,BiVyVyDDVwikxWa2B3CwHCncECwA6DUK8Dma1eiDCa2r,10,3,0.3,0,0,0,0,0,2023-05-02T03:55:02.283,2023-05-02T21:51:58.653,51.57,0
713,C1MeK8qkqCCDmVtZi7oh9ntwNtpjBG1uDqBCffsjYapG,27,14,0.518518518518518,0,0,0,0,0,2023-05-02T03:55:02.401,2023-05-02T21:51:46.505,1083.38,0
714,4PFL9dzDMMoi4gWHvwQjhWymW5uEkmFNwbnDBFy1A2x7,1659,1633,0.984327908378541,0,0,0,0,0,2023-05-02T03:55:02.514,2023-05-02T21:52:39.088,18057.959700003,0
719,98DiixuC3UeCHkhRxRbebucA16VDmQUr5J4DaqTWuwPr,31,29,0.935483870967742,0,0,0,0,0,2023-05-02T03:55:03.127,2023-05-02T21:52:04.334,692.64,0
720,ELYNNPBjKzDrPKKndEzEQDhfHMVKi7ZZ9BzqbuZSfc12,3622,3084,0.851463279955825,0,0,0,0,0,2023-05-02T03:55:03.238,2023-05-02T21:51:58.361,24130.2325190749,0
721,3X1bhvR343ExS23cHxE1wwbu5pPWBDE1XBVkRmuWj5G5,266,188,0.706766917293233,0,0,0,0,0,2023-05-02T03:55:03.346,2023-05-02T21:51:45.785,15629.213400001,0
723,8yEyyvNMPgpeVnDvzGJEXC4ETLxJ59o1W54VdxHNPwoQ,516,435,0.843023255813954,0,0,0,0,0,2023-05-02T03:55:03.534,2023-05-02T21:52:01.79,1775.119699992,0
724,D2qYo1r6idb2dGswnsXEiqk7Df9DmHkaf9Ugy4m1kb5s,566,314,0.554770318021201,0,0,0,0,0,2023-05-02T03:55:03.645,2023-05-02T21:51:40.57,3154.081885149,0
725,6so4rDBTbGmg9Dzuj6p8hRbLeT1vLhAC44P6VPKfvfaB,44,43,0.977272727272727,0,0,0,0,0,2023-05-02T03:55:03.746,2023-05-02T21:52:05.736,248.470085714,0
726,DgctXaVNDhMXbY55fJ2rxao7Jvg7yTNRNwKwZQWfr9ug,140,82,0.585714285714286,0,0,0,0,0,2023-05-02T03:55:03.856,2023-05-02T21:52:03.604,3065.242700003,0
728,FjLV8aGW2uKPqu48RsRJsArHNA5qJZda489eYzxgqj9t,119,46,0.38655462184874,0,0,0,0,0,2023-05-02T03:55:04.044,2023-05-02T21:51:32.688,668.999183334,0
729,6UwqdRVqkLQpBUtxhaWVXR5gcg224W7dtGrjey21pao6,285,210,0.736842105263158,0,0,0,0,0,2023-05-02T03:55:04.148,2023-05-02T21:52:03.465,749.813862335,0
730,6S4p3JBW49Lhc4ZxQBV7eeR6ZoB3dCYeheBEmSKbXJwq,1156,612,0.529411764705882,0,0,0,0,0,2023-05-02T03:55:04.249,2023-05-02T21:52:07.541,29978.136079764,0
731,vLo6hgZMLKX8znfU8zy3SWxXkyC61Aziuko1M33P5Vj,36,22,0.611111111111111,0,0,0,0,0,2023-05-02T03:55:04.358,2023-05-02T21:52:09.868,2202.5702,0
732,7taKPPFMYko7g6g58WuP2wN5REejJka5hDMCmGdwV9EJ,15,8,0.533333333333333,0,0,0,0,0,2023-05-02T03:55:04.456,2023-05-02T21:52:09.731,438.2211,0
733,4docdMQVskCXY3zw6yTGZ1RiX1XL1dvYTD9tzHkWH5UV,50,12,0.24,0,0,0,0,0,2023-05-02T03:55:04.554,2023-05-02T21:51:47.959,277.8,0
734,HWAYaherzkTD1HgTSU66esJWX9X2oHuf4drH5u8psxgP,132,53,0.401515151515151,0,0,0,0,0,2023-05-02T03:55:04.668,2023-05-02T21:52:07.408,611.223455244,0
736,EC6Ze8EiZ97FnoUrdsabbh4MUTPFaWfisVBQyjbDQiox,852,140,0.164319248826291,0,0,0,0,0,2023-05-02T03:55:04.848,2023-05-02T21:52:06.479,831.775600000001,0
738,3Uf2Bi1p1mrhMapZ17fRbnNLN2eLEWvVsBJfKmzqD76R,49,32,0.653061224489796,0,0,0,0,0,2023-05-02T03:55:05.034,2023-05-02T21:52:05.882,923.45,0
739,CEt6zgcNMd7WoDP3AHBZqfNjKv5aW9ANF6NJwFk98iXG,321,279,0.869158878504673,0,0,0,0,0,2023-05-02T03:55:05.138,2023-05-02T21:52:08.16,1726.307804759,0
740,stoog8LBUSAsSqDN8y7LvCX22ZFonQVSHbhg9jNMS9s,424,329,0.775943396226415,0,0,0,0,0,2023-05-02T03:55:05.258,2023-05-02T21:51:32.252,3197.778500008,0
741,GK6kfY5o1nszze9VnV5G8PdGQD9HaSzfh6JDMGVjcrQ2,5,2,0.4,0,0,0,0,0,2023-05-02T03:55:05.358,2023-05-02T21:51:47.667,14.3201,0
742,HsmtPPrBkyEKzMCeKrhCfkzzb3fxK8hwhn8mg2zrfNAt,41,0,0,0,0,0,0,0,2023-05-02T03:55:05.458,2023-05-02T21:52:06.305,144.410883333,0
744,2ZiZ6CaXiPQbimYNupW5E9uimvyY6x82E75sLUn7YN6N,697,569,0.81635581061693,0,0,0,0,0,2023-05-02T03:55:05.646,2023-05-02T21:52:08.73,2831.38010001401,0
746,7TfaVz1Dbn4iLVZJ6FmNV4kQdhX7rgPjatCJoXGoNFfh,202,136,0.673267326732673,0,0,0,0,0,2023-05-02T03:55:05.826,2023-05-02T21:52:09.451,927.076100007,0
747,AYzFGYr8Rj9hJ8gPwGNKEqK61HxdW8FeML32oWpoagqK,1526,916,0.600262123197903,0,0,0,0,0,2023-05-02T03:55:05.933,2023-05-02T21:52:09.02,8826.96822919001,0
748,6NhixpAHPUKrX5CgRJ1H3pyjTgnnVcLPfqfuHjxwGhPB,609,479,0.786535303776683,0,0,0,0,0,2023-05-02T03:55:06.059,2023-05-02T21:51:32.841,1009.41933809,0
751,FEmSeoRk2M5uD9JQELCVU51Tbvx2J8wuUufgtnF5ZGzC,67,40,0.597014925373134,0,0,0,0,0,2023-05-02T03:55:06.348,2023-05-02T21:51:32.397,1225.110199998,0
752,tKqwiEbwLtkXDbJNVgBrPobp7wKEeFQuWKnTaEM3aRe,499,301,0.603206412825651,0,0,0,0,0,2023-05-02T03:55:06.45,2023-05-02T21:51:47.818,2231.763800001,0
753,5opuxDkk3WJ1ajwBGrSKzbMkikrfsLaaPLbZriB4qiwa,52,17,0.326923076923077,0,0,0,0,0,2023-05-02T03:55:06.548,2023-05-02T21:52:07.239,346.72,0
754,99H7tqehFPJZdvCDQs9uQPcKX49CpcNNzp8jQLaSMpt5,574,462,0.804878048780488,0,0,0,0,0,2023-05-02T03:55:06.65,2023-05-02T21:51:32.991,2053.433600001,0
755,FHdeuzcGAzDSMGqJuHc1244QusMP2LQaEUVwmVtt3meU,110,79,0.718181818181818,0,0,0,0,0,2023-05-02T03:55:06.754,2023-05-02T21:52:07.68,1178.7251,0
756,AP4JAMXZoixPqCD5dRXsSdnqifHE3d7ieh2CaNv9EXPU,47,30,0.638297872340426,0,0,0,0,0,2023-05-02T03:55:06.852,2023-05-02T21:52:37.348,281.093500002,0
757,5nETxDFJqAXcoArWguPfUhKSMKNQxai3PciCHYjiLmgE,21,4,0.19047619047619,0,0,0,0,0,2023-05-02T03:55:06.953,2023-05-02T21:52:05.236,118.1,0
758,6VnjPU1i8rpNNrUWpEPBigBMLn2eZqxsfnPrAuPgz9b8,10,5,0.5,0,0,0,0,0,2023-05-02T03:55:07.058,2023-05-02T21:52:04.623,190.480000001,0
759,8zHh5HdyccYU7eWNXEhNenRVNTzqmSRhS7Vw5W3Eg81Z,299,207,0.692307692307692,0,0,0,0,0,2023-05-02T03:55:07.159,2023-05-02T21:52:08.875,1339.70537922,0
761,DFi6xytTWN1z1CoVXknGx5JaxjyNR2TGvh9irB5CP8L6,14,12,0.857142857142857,0,0,0,0,0,2023-05-02T03:55:07.342,2023-05-02T21:52:09.174,233.82,0
763,A1RcbGpud9fbmBrzNmaAZArafy4PZkrmRBGxEJ1NYnpC,255,209,0.819607843137255,0,0,0,0,0,2023-05-02T03:55:07.534,2023-05-02T21:52:07.071,1426.704500001,0
764,3fnHMixDFuh6o549XeVtxSZgkPbMpn93rVL1ao8ytAPz,66,66,1,0,0,0,0,0,2023-05-02T03:55:07.636,2023-05-02T21:52:03.743,34.215,0
765,4Yh28bpchrBtxSehcRuNBJRaAjkBSwe7nCqGt9cHoREK,450,351,0.78,0,0,0,0,0,2023-05-02T03:55:07.738,2023-05-02T21:52:05.084,630.990528382997,0
766,7YWiPNzowbhh458SHcyuUgA7eXf9yFTSG5E6QsKL4zsJ,50,41,0.82,0,0,0,0,0,2023-05-02T03:55:07.838,2023-05-02T21:52:09.312,3131.720000001,0
767,BXqQerJh7vE2SLYZjHR74W6EFQYKGw1xN9Uk73TKJ1Y5,21,0,0,0,0,0,0,0,2023-05-02T03:55:07.941,2023-05-02T21:52:06.16,167.590000001,0
768,8XkBHZt2NyrSpd7TBrZnFyuqiZv6gGLz49G6pBd4S1LZ,836,771,0.922248803827751,0,0,0,0,0,2023-05-02T03:55:08.062,2023-05-02T21:52:04.931,2306.635099993,0
770,5Ep7CFoWgZrS9yNc2PAcTK5sP9Sk6GzkXpu5WB1MhDDJ,3,1,0.333333333333333,0,0,0,0,0,2023-05-02T03:55:08.254,2023-05-02T21:51:32.536,9.4,0
771,5oLgNaGpSiYrxZeyvU77p8X2cyuSR7MvAJ5XdtuxtzHu,379,212,0.559366754617414,0,0,0,0,0,2023-05-02T03:55:08.353,2023-05-02T21:52:06.02,4459.007500008,0
773,AQrwNWa4w6XgNnAEqwY7NYtVMxUrdC7onGcTqTHZAA1,108,101,0.935185185185185,0,0,0,0,0,2023-05-02T03:55:08.532,2023-05-02T21:52:06.785,1163.995000004,0
774,EKHMgSvUCF9yQP6JWxAzLs7zWioLWdbbVDNqPnkFzJtn,19,4,0.210526315789474,0,0,0,0,0,2023-05-02T03:55:08.635,2023-05-02T21:52:06.646,341.27,0
775,BrXfKURcVaCFWfRB2bcAJowL9qAFHXhauEJ9xQWDePTc,400,290,0.725,0,0,0,0,0,2023-05-02T03:55:08.818,2023-05-02T21:52:06.937,10740.861183342,0
776,7wsuMYu17S4muY9Gd82mcdsMB1GrxH4k6b3shwWSyK2S,45,31,0.688888888888889,0,0,0,0,0,2023-05-02T03:55:09.071,2023-05-02T21:52:16.278,392.500260714,0
777,9r4pkvthSgZ54dTxuyPxcJdDZM16PKuFUpEYe4YAE1JV,437,326,0.745995423340961,0,0,0,0,0,2023-05-02T03:55:09.202,2023-05-02T21:52:13.347,5312.94546667501,0
779,FUWrhXz7iE41wWhf4HLz3Na6jkoMRBBVLTfYVcaY3yZA,12,9,0.75,0,0,0,0,0,2023-05-02T03:55:09.383,2023-05-02T21:52:14.209,128.4701,0
780,CMdfbuf2anhfr9V2uiSvMcEpYhm7Adb6oTtB57XWStKy,219,167,0.762557077625571,0,0,0,0,0,2023-05-02T03:55:09.488,2023-05-02T21:52:11.161,4427.893500003,0
781,3cBXvN4gUzYgoDFGAhbD8p3y9Qc1ap8X1iq33p5SYES3,423,360,0.851063829787234,0,0,0,0,0,2023-05-02T03:55:09.588,2023-05-02T21:52:11.591,675.477546704,0
782,hG1CinELzSSdqhsgJaLeQrZugkpRmEufw7FRcwpZkkm,4,0,0,0,0,0,0,0,2023-05-02T03:55:09.686,2023-05-02T21:52:14.895,3.97,0
783,ENWC1SV5Xjr3xNesjV7wUdcCtzTvnuXMFZ6XYL5ZG1vT,148,133,0.898648648648649,0,0,0,0,0,2023-05-02T03:55:09.802,2023-05-02T21:52:15.834,457.48,0
785,4j2WUuQHZWpjgkoTaNYfjsJMgKwDvWTQiur9DWZqv7tJ,63,42,0.666666666666667,0,0,0,0,0,2023-05-02T03:55:09.992,2023-05-02T21:52:10.305,127.470166666,0
786,BN5TmapchausDuGoTAkegndR3SsQE7TvvV2mSsSqvDMU,244,175,0.717213114754098,0,0,0,0,0,2023-05-02T03:55:10.1,2023-05-02T21:52:10.017,1108.430533331,0
788,AZM9sVzFGCuogGQDVDcZHRwCxJNCCN4aGLwNKv9BTqpk,1,0,0,0,0,0,0,0,2023-05-02T03:55:10.287,2023-05-02T21:52:13.632,58.55,0
789,83QZn1YnYExCycY5KVvPZcBHBgKcn4J9y7yeraWpH8no,2,1,0.5,0,0,0,0,0,2023-05-02T03:55:10.386,2023-05-02T21:52:10.727,8.02,0
792,9EdfoTNzXdHMa4DLxAHt5v1S8R63eymcMWVoUjyGYocV,323,178,0.551083591331269,0,0,0,0,0,2023-05-02T03:55:10.664,2023-05-02T21:52:19.604,425.320149988,0
793,Ce4ZHDd45VWywzebc8AFLvDFLDzhhU2AwJEC99p4MoQA,6,4,0.666666666666667,0,0,0,0,0,2023-05-02T03:55:10.803,2023-05-02T21:52:19.741,186.6801,0
794,6bUaBT55XaY2mUiNydstBPwjUYtxSYoH1vjBKtbGqfQR,2,0,0,0,0,0,0,0,2023-05-02T03:55:10.914,2023-05-02T21:52:22.125,86.56,0
795,EoaJnn4K87agLTUkaNSS4BkfJkvY4e8xezNqe7HPwLkv,109,86,0.788990825688073,0,0,0,0,0,2023-05-02T03:55:11.042,2023-05-02T21:52:20.986,330.167783332,0
798,3qg288NcAX6uUPb42QVFVFJkh3qkEJ2nkwG1k49Q5a4v,431,338,0.784222737819026,0,0,0,0,0,2023-05-02T03:55:11.143,2023-05-02T21:52:20.719,2740.357599999,0
800,3iYCH1qamMiGt6FGuY3bistAXbxeHFbdzQfd7a6F9o5k,1573,1398,0.888747616020343,0,0,0,0,0,2023-05-02T03:55:11.248,2023-05-02T21:52:20.849,7539.59428143004,0
802,4GAu7raBQq7xY9zjkgQ4AzEFQvT5NdvTx7K4tsRKAhFn,2,2,1,0,0,0,0,0,2023-05-02T03:55:11.356,2023-05-02T21:52:12.488,3.66,0
807,7ZzQPXLUYfZGKfMbxGUhLD5EXwSLdWKgUzSr1zszTcTZ,343,281,0.819241982507289,0,0,0,0,0,2023-05-02T03:55:11.574,2023-05-02T21:52:22.397,1789.024983333,0
809,8F3P29t8PdAMqnYQsm8yLAe8HijYofSf24GGA1nqWr16,291,205,0.70446735395189,0,0,0,0,0,2023-05-02T03:55:11.682,2023-05-02T21:52:18.347,2512.891000002,0
812,3z3Z7n55N5Z4zBocb1Vu2wvwBry7AbduhVBzbD86XeXV,8,4,0.5,0,0,0,0,0,2023-05-02T03:55:11.794,2023-05-02T21:52:13.056,9.96,0
814,CM8Ak4HMG26bB1kae7tpjVWd9cf1pDM1EWQywNhNogRn,44,0,0,0,0,0,0,0,2023-05-02T03:55:11.892,2023-05-02T21:52:12.194,176.180000004,0
816,7uktdyP6ZwcqjJMsVJ2woJNUAmgurjhh4AfZtzrqtoZ1,62,48,0.774193548387097,0,0,0,0,0,2023-05-02T03:55:11.993,2023-05-02T21:52:36.549,190.210299997,0
819,AKg18a6yUpxWNT3BEEA2CBT461sw2fqYex7iDZyWvUXd,44,1,0.0227272727272727,0,0,0,0,0,2023-05-02T03:55:12.091,2023-05-02T21:52:20.014,176.08,0
821,637qwvrL3Ta7k4UvHeRtjg2Si6TPu54e8iEBYxrpSf99,131,89,0.679389312977099,0,0,0,0,0,2023-05-02T03:55:12.202,2023-05-02T21:52:17.8,1196.744000002,0
826,FoV7STiswzjmTGAGP7djJbBEGt1ng1xrhsovKND5pi5c,45,14,0.311111111111111,0,0,0,0,0,2023-05-02T03:55:12.386,2023-05-02T21:52:17.25,598.55,0
828,F5Vw7k9rwy9QFtbjJdvnyJiA6Hs3bfxszeuYMDQXHQtd,8,5,0.625,0,0,0,0,0,2023-05-02T03:55:12.501,2023-05-02T21:52:17.942,344.260000001,0
830,FhqL6JZmonqerp8yTw9gCFzHXp92sjnGE3tmNWZCSXwM,232,75,0.323275862068966,0,0,0,0,0,2023-05-02T03:55:12.602,2023-05-02T21:52:17.39,692.774069042,0
835,CQvf5RfUC1sxu6BwaKXHbMDhxfhCFfPX4xA3u5sqHma1,29,10,0.344827586206897,0,0,0,0,0,2023-05-02T03:55:12.791,2023-05-02T21:51:38.861,111.730000002,0
841,MqcvSYBVwRJzXm4Wpa2WzfQuGF2NM3kZXMJCEuWXdK9,4,2,0.5,0,0,0,0,0,2023-05-02T03:55:13.072,2023-05-02T21:52:17.667,35.351,0
844,7sRQ9PVCsDCVgPGrAKiCHY5snZKcQf5Ay4Z8bj6j6kwG,12,8,0.666666666666667,0,0,0,0,0,2023-05-02T03:55:13.174,2023-05-02T21:52:21.569,441.0401,0
846,HPGmfWVFZoovewBCp62ixupHKFJ7hdEUMtSV5XKk2cpq,560,535,0.955357142857143,0,0,0,0,0,2023-05-02T03:55:13.278,2023-05-02T21:52:21.707,916.435099997,0
850,HzVy8JG7D6BrbP26UtUP5oxPNdScyKXrtHBwWkssE9M4,34,17,0.5,0,0,0,0,0,2023-05-02T03:55:13.462,2023-05-02T21:52:21.847,35.441099999,0
853,HEo4ucexwWxnG48bSYhNuG11EPf7TGGRnqmUdJowNVs4,949,484,0.510010537407798,0,0,0,0,0,2023-05-02T03:55:13.575,2023-05-02T21:52:21.986,2390.311100001,0
855,FtU1qAAdAaKwUHGyjYStWnPkRaroPyj9sCmE16CC6vFf,354,318,0.898305084745763,0,0,0,0,0,2023-05-02T03:55:13.676,2023-05-02T21:52:19.069,1541.739683329,0
857,CsDtVZiJGqrecdycYF45D4Jm6fkd3T5K3CrTwH4DvkB5,1,1,1,0,0,0,0,0,2023-05-02T03:55:13.774,2023-05-02T21:52:18.624,8.12,0
860,sT9LpKE84G7itLUtwxW3MjFaTbDorkVqT3qm7NCHDpL,54,24,0.444444444444444,0,0,0,0,0,2023-05-02T03:55:13.876,2023-05-02T21:52:18.761,98.260000001,0
862,7q47ZZE74mDfZz83uEXgWD54PNpBiZfQFphwquZbFzFQ,66,64,0.96969696969697,0,0,0,0,0,2023-05-02T03:55:13.985,2023-05-02T21:52:18.912,334.460000001,0
865,97hzUUGrvwTz7558QtC835S6ooxK69Uk3nB2Md67GnKt,369,225,0.609756097560976,0,0,0,0,0,2023-05-02T03:55:14.102,2023-05-02T21:51:38.152,646.084285706,0
867,ErNMP3aJZWdb7YKGXZfdeVAAm9QH1XqNb4w6DceWmshf,1176,785,0.667517006802721,0,0,0,0,0,2023-05-02T03:55:14.214,2023-05-02T21:52:21.427,15247.080197371,0
870,7An5SmMZJP2iHazWQw8XrrN3RyDAEy6BRU4wWimaChrz,286,97,0.339160839160839,0,0,0,0,0,2023-05-02T03:55:14.364,2023-05-02T21:52:19.469,924.544369047,0
872,AnzQTQTrxEohmm1ywsbGvU5Yb1hRBBzHDcUFmvxEELxc,4,0,0,0,0,0,0,0,2023-05-02T03:55:14.472,2023-05-02T21:51:39,23.38,0
874,ADzAyov1K4yKDJNHH4GHh3NZqR2rQoezobzfabwbSd8g,57,43,0.754385964912281,0,0,0,0,0,2023-05-02T03:55:14.576,2023-05-02T21:52:36.729,940.602669047,0
877,C3zGbgArLH2AGcfCvSjkvk57emnqkEWNq8dkKzAciUoN,35,5,0.142857142857143,0,0,0,0,0,2023-05-02T03:55:14.679,2023-05-02T21:52:20.153,288.9,0
879,B3mdP6XJyTKD6Cjmupny7iK1C51SiXV69riHs7CoXcSR,14,7,0.5,0,0,0,0,0,2023-05-02T03:55:14.792,2023-05-02T21:52:20.444,20.76,0
883,9TZoVAs7bb7CsuwxypfZmsLissucpLGpeG43KHTRbfst,678,524,0.772861356932153,0,0,0,0,0,2023-05-02T03:55:15.016,2023-05-02T21:52:20.306,4257.262100002,0
889,8V3Y8ZQPLXGnzzsgofwPo3KCQiZgc266Nb1rZCZt3R72,26,24,0.923076923076923,0,0,0,0,0,2023-05-02T03:55:15.487,2023-05-02T21:51:40.709,23.67,0
892,7SH6uHk5Ewds6fiBGrBUZL32k3uANsk9eJPdKmYa2N9r,230,83,0.360869565217391,0,0,0,0,0,2023-05-02T03:55:15.605,2023-05-02T21:51:40.84,476.010671425,0
894,ANAB1Psb8PN2cHi9gdpjybVe7oqNuuHASsQSUhfEXjFt,147,82,0.557823129251701,0,0,0,0,0,2023-05-02T03:55:15.702,2023-05-02T21:51:40.981,708.970485714,0
900,4wkA5JihbA4Dwj7x4oUx4VznaoiWyGwjwX1YBNRF6yc9,48,20,0.416666666666667,0,0,0,0,0,2023-05-02T03:55:15.966,2023-05-02T21:51:41.125,619.21,0
902,9Bras8chWeG2NBsCpG79Q9d2vtHCsioHBDQVHjsQW3ML,6,1,0.166666666666667,0,0,0,0,0,2023-05-02T03:55:16.064,2023-05-02T21:51:41.263,97.360000001,0
904,Fm49BnSogZZrbyEpNwHhG44rHDUpo72BUyqaeY1HpxAz,23,14,0.608695652173913,0,0,0,0,0,2023-05-02T03:55:16.159,2023-05-02T21:51:41.404,321.37,0
906,AW6g6bDBkdXwb53iSV6PwxmburL4q2b6eCwVHn6aTrsG,22,6,0.272727272727273,0,0,0,0,0,2023-05-02T03:55:16.263,2023-05-02T21:52:16.826,43.390471426,0
909,Cswwnzi6Pk5qfajxjsQCdgM7dgfvNTjesPhsGX6LmYsZ,4941,4393,0.889091277069419,0,0,0,0,0,2023-05-02T03:55:16.368,2023-05-02T21:52:16.687,3966.54089225198,0
911,63fMJgKY49tdAYUCGjSzNRaVVPT1wDpNBvxPGe5vLsZw,72,49,0.680555555555556,0,0,0,0,0,2023-05-02T03:55:16.466,2023-05-02T21:51:38.299,551.15,0
913,49Z1jPQx6oZDEZP7ZwAiDqgEgHh6RLBuTCWteDMV5GnC,108,40,0.37037037037037,0,0,0,0,0,2023-05-02T03:55:16.575,2023-05-02T21:52:17.11,910.3601,0
916,HMxoqT6xwgM9XrLV6jhhRQXbwS6mNZ36bSXmxcnG6Tyo,141,64,0.453900709219858,0,0,0,0,0,2023-05-02T03:55:16.678,2023-05-02T21:52:36.958,9426.52025476101,0
920,3sjQgWQPdceMoWM34HSEJKj4Who5GXPkZxCevWMZm8aa,94,74,0.787234042553192,0,0,0,0,0,2023-05-02T03:55:16.89,2023-05-02T21:52:19.208,1387.1675,0
925,G4eyKtzPiRn72P3Y38HDWQd92tTufdZZJQmp79QsUKJ1,4,4,1,0,0,0,0,0,2023-05-02T03:55:17.081,2023-05-02T21:51:37.563,6.09,0
927,8oueQfBuAciFuBhmNerY1ej22dDJZ3B3Vi3zCukVK59V,15,4,0.266666666666667,0,0,0,0,0,2023-05-02T03:55:17.186,2023-05-02T21:51:37.709,51.150000001,0
929,DgBrP5kTZZDUjJeNMZfBkyFQNwvP9E1zUBxEGfmkNtvV,261,125,0.478927203065134,0,0,0,0,0,2023-05-02T03:55:17.31,2023-05-02T21:51:37.855,1553.887499999,0
932,26DWKvQdDzEPATsJDVVCLwHCSbGRpp6eqWHmrzhdyoBG,57,7,0.12280701754386,0,0,0,0,0,2023-05-02T03:55:17.452,2023-05-02T21:52:21.285,524.940000001,0
936,3WUdEFZZsMKB8JUZ9aW4nfCbfMcm52mT84kSdWGmX6oW,45,23,0.511111111111111,0,0,0,0,0,2023-05-02T03:55:17.648,2023-05-02T21:51:38.002,216.630166665,0
939,D1ew5oAf2Zat8T1SpkHagVMj5vg2th9v6fF9bjqntzMz,29,24,0.827586206896552,0,0,0,0,0,2023-05-02T03:55:17.76,2023-05-02T21:52:18.078,176.898500007,0
941,4CX53LQNwFs3tyRFfwkMxsPV8daao1zCiGQjMMAkKSqx,26,10,0.384615384615385,0,0,0,0,0,2023-05-02T03:55:17.867,2023-05-02T21:51:39.716,690.98,0
945,9pkUjqHzVyakhabz39XUoZ78zmE7ysitUtHGwTbU6QKy,2045,1258,0.615158924205379,0,0,0,0,0,2023-05-02T03:55:18.053,2023-05-02T21:52:18.215,14870.856254554,0
948,5EWNUBoodFPCym3KbgKdNbEV7icMGKhAp1AstGVtV7bx,11,6,0.545454545454545,0,0,0,0,0,2023-05-02T03:55:18.154,2023-05-02T21:51:38.723,158.49,0
950,2Rmst6nLm1bm4n7hv5acamejv8YBZmK7YYnT8og6LkUe,94,81,0.861702127659574,0,0,0,0,0,2023-05-02T03:55:18.256,2023-05-02T21:51:43.932,803.290000001,0
952,9HzAhxS3PHZUHynKDUQQKWKAYtW8bnz2QzenWWjb8HYi,1,0,0,0,0,0,0,0,2023-05-02T03:55:18.354,2023-05-02T21:52:28.351,153,0
955,FDHXcep8EGGaWLiGRfR4yZzJkJgreH4sMEvFEdYhbu5Z,145,135,0.931034482758621,0,0,0,0,0,2023-05-02T03:55:18.454,2023-05-02T21:52:28.221,233.729879998,0
957,6XJ6PLNFvLztkWxVj2pkVrnrtebRdvsiLVfhhiHMg3kt,1,0,0,0,0,0,0,0,2023-05-02T03:55:18.561,2023-05-02T21:52:24.374,16.620000001,0
962,LCEQRtSjsZKwAieTRsLQqsRh3otkA98skT5osGntkf4,462,394,0.852813852813853,0,0,0,0,0,2023-05-02T03:55:18.781,2023-05-02T21:52:16.966,3166.3435,0
964,J1XA2eYKyEE6TjHrCMhP4kDrwwr5cLSumjz5FdRye8Pn,26,16,0.615384615384615,0,0,0,0,0,2023-05-02T03:55:18.908,2023-05-02T21:52:25.367,173.360000001,0
967,A9JFKEjf83dPDjXLT5Rzpm5YNHSGP2PzyuBPi3j8ttD8,69,32,0.463768115942029,0,0,0,0,0,2023-05-02T03:55:19.012,2023-05-02T21:52:27.506,728.2,0
971,WttKHxvicfJtLStrW9j6q7rHrswAZa1wx9wHy7fqcNx,10,8,0.8,0,0,0,0,0,2023-05-02T03:55:19.19,2023-05-02T21:52:24.045,311.9,0
977,D8Ju9Gp2pm96K9hsxSpVu6TE3vw7MkU1sDMyGK6rUPxf,8,3,0.375,0,0,0,0,0,2023-05-02T03:55:19.462,2023-05-02T21:52:23.64,24.1925,0
980,BFeWSXiosTnt1Gy2htCK4Kee5c2huHRCmoxtiWyTLB7G,1253,333,0.265762170790104,0,0,0,0,0,2023-05-02T03:55:19.57,2023-05-02T21:52:23.09,4663.80946668602,0
982,H5DTKJMqkAExexNpurYVFMwcxNtXPVg6WmsLXYf1DprD,84,70,0.833333333333333,0,0,0,0,0,2023-05-02T03:55:19.68,2023-05-02T21:52:25.52,218.612500001,0
985,22BXok5NZ3VpvhzwfKJKibkMjRdPjuivd16fqUXxEYWz,12,2,0.166666666666667,0,0,0,0,0,2023-05-02T03:55:19.8,2023-05-02T21:52:26.256,121.74,0
987,28GZqaFLY9YBDqT3fMuCxvuP6jwj9GY3nLXo4zXsun9K,34,30,0.882352941176471,0,0,0,0,0,2023-05-02T03:55:19.916,2023-05-02T21:52:25.228,215.5476,0
989,3JVryKsKiRTMBmvdBrFggsQuccqmhb6B6HjxjBHCxSx9,205,177,0.863414634146341,0,0,0,0,0,2023-05-02T03:55:20.024,2023-05-02T21:52:27.222,396.024099997,0
992,hurNAERZoKeUfrEZgXoDVPFYwK7aYX6iA2KakBoWfJP,1,0,0,0,0,0,0,0,2023-05-02T03:55:20.13,2023-05-02T21:52:26.953,5.3,0
996,6gduL7WZ7vNUF6rbfc2wBNL7ec8ZyZXnaQhUGkBcYaoz,18,11,0.611111111111111,0,0,0,0,0,2023-05-02T03:55:20.365,2023-05-02T21:52:37.152,49.100183333,0
1001,34UpwY8hyNZQ5N8tiC3AYwNK9nhsf6PLRncUFoUqQHRP,5,1,0.2,0,0,0,0,0,2023-05-02T03:55:20.569,2023-05-02T21:52:24.944,705.15,0
1006,CHPZwhDqz81b9g8BiijkdanSHBzUMFd1QPXcPEjG7cGw,253,235,0.928853754940711,0,0,0,0,0,2023-05-02T03:55:20.801,2023-05-02T21:52:22.812,1317.640100002,0
1012,HT8qNnScujFWZqLy1HjZtsrbNbGx7AkHatGs1Xy8ojaM,35,20,0.571428571428571,0,0,0,0,0,2023-05-02T03:55:21.262,2023-05-02T21:52:38.181,278.860000001,0
1014,A1kXDkpfxpc3vjfkhYp5BAgV3rFUrfaxVBiQS2oqaDDy,13,4,0.307692307692308,0,0,0,0,0,2023-05-02T03:55:21.376,2023-05-02T21:52:26.687,37.200000001,0
1017,9W158NXeZtx2YfPubmsdYdiafwMJcQQW6hrYo61BfscW,137,110,0.802919708029197,0,0,0,0,0,2023-05-02T03:55:21.494,2023-05-02T21:52:27.652,1772.004099999,0
1019,7qqH2DArViNSZ4wfCjPyfdP1iTv98Z4LpDvCDwFkYRMe,17,11,0.647058823529412,0,0,0,0,0,2023-05-02T03:55:21.594,2023-05-02T21:52:26.819,33.279999999,0
1022,4KyM115nzZNgfv8k5mjo33wCXRsqBF8BUXEK43r8CAxd,155,5,0.032258064516129,0,0,0,0,0,2023-05-02T03:55:21.696,2023-05-02T21:52:27.089,335.347499999,0
1026,EUnfqFjtTD8CQnoVLuXAskdqE4QJtYG6V8x4p4PPZumL,5,4,0.8,0,0,0,0,0,2023-05-02T03:55:21.869,2023-05-02T21:52:23.907,4.76,0
1028,3WXya3sUc2gMxN4PY25PSXCk1RUDcZQAbQmLkwy37Kxf,34,29,0.852941176470588,0,0,0,0,0,2023-05-02T03:55:21.976,2023-05-02T21:52:28.083,31.694999999,0
1031,7K3xkPWmK4Ab9U3f88J4KZ2JERXKfMTGtr4mCyvzoaz,93,67,0.720430107526882,0,0,0,0,0,2023-05-02T03:55:22.086,2023-05-02T21:52:27.794,1774.36,0
1037,Dkt7NdYXE3eCHEnSSf6gmgyHqnfBfpiTMjBXJJh9DNQH,559,516,0.923076923076923,0,0,0,0,0,2023-05-02T03:55:22.363,2023-05-02T21:52:25.083,233.868520463,0
1040,A7kUNrrAgPZ8vcqAHQCJRP5ZPJU3hTYpcZ7PF4xEMqsd,55,34,0.618181818181818,0,0,0,0,0,2023-05-02T03:55:22.482,2023-05-02T21:52:27.937,1289.802885717,0
1042,F3XaTYfSfTCMyDETBaKnP5ZQQhszuRdzXfuJAN8QLpeq,340,103,0.302941176470588,0,0,0,0,0,2023-05-02T03:55:22.588,2023-05-02T21:52:23.367,1201.518588086,0
1044,J3Rm9e8FeBG6mix71qdpksPaj6ErvnoS7X9p5qMDMSwT,227,190,0.837004405286344,0,0,0,0,0,2023-05-02T03:55:22.69,2023-05-02T21:52:24.188,2296.450600005,0
1047,saMn6WCdwfgeuKLy9CbU3wWjpZCQDYmTYrE9JStgN8D,7,1,0.142857142857143,0,0,0,0,0,2023-05-02T03:55:22.792,2023-05-02T21:52:23.507,50.49,0
1049,FBTuFWHcREnN8fMFLx6vy7pbhGXQJTPZHzcbQEJ1xCXB,137,85,0.62043795620438,0,0,0,0,0,2023-05-02T03:55:22.9,2023-05-02T21:52:28.493,903.39225,0
1051,HAyYQ4KQP2fmUmJvJm2ggZESNVtJmKoEWGjNh9FHQJnH,573,491,0.856893542757417,0,0,0,0,0,2023-05-02T03:55:23.011,2023-05-02T21:52:23.771,1380.744185705,0
1054,DsZsc8zuGjf1GL1sK7p16enNxBvMU8FtcpgmaogFYZqf,8,5,0.625,0,0,0,0,0,2023-05-02T03:55:23.134,2023-05-02T21:52:26.546,80.49,0
1056,8SLWRgNjiUSWipWkzzyaGXrXsqWmg9ChZjysaXxyZ8u4,821,175,0.213154689403167,0,0,0,0,0,2023-05-02T03:55:23.26,2023-05-02T21:52:24.666,8695.69770328301,0
1059,4esEWrndJ9LsEqR6SCzB2iyJpLUy4rkL13x7Knad4DER,9,2,0.222222222222222,0,0,0,0,0,2023-05-02T03:55:23.379,2023-05-02T21:52:22.673,71.44,0
1061,25Ls3kGLj3o8QjTtJXrUo5XsdmCZuHUUpYe8J44pDxKd,54,29,0.537037037037037,0,0,0,0,0,2023-05-02T03:55:23.488,2023-05-02T21:52:38.478,1370.843419251,0
1064,9sU8b95T482AjLVXkfcDCn4G9gu9Ho5C89Nck6XYG4EQ,111,47,0.423423423423423,0,0,0,0,0,2023-05-02T03:55:23.599,2023-05-02T21:52:18.486,123.250500001,0
1066,pNPV7HrwZhuiHtRymCx3NscFUhJBB2aSVa5Qmn1f2rz,13,7,0.538461538461538,0,0,0,0,0,2023-05-02T03:55:23.707,2023-05-02T21:52:28.64,41.3,0
1071,AzyU18eLSGZZqGWDEgspLJiBJmao8WnvnwpWWC7P94w,6,4,0.666666666666667,0,0,0,0,0,2023-05-02T03:55:23.919,2023-05-02T21:52:33.912,16.81,0
1073,3cgWw2cS5a2FfYvDpt2oaUUsK1JsoVXakXFssMd3Tfn3,7,5,0.714285714285714,0,0,0,0,0,2023-05-02T03:55:24.02,2023-05-02T21:52:31.708,63.17,0
1075,8z3nCXHKKXAnYM2iFDaq6HC4JcwLZDVsieK8Q3hzHULf,31,25,0.806451612903226,0,0,0,0,0,2023-05-02T03:55:24.123,2023-05-02T21:52:33.548,182.1901,0
1078,3vWGrBscFsdXB4itU1xYKsL6ysSScDkeCv86PBGiTpoZ,364,94,0.258241758241758,0,0,0,0,0,2023-05-02T03:55:24.222,2023-05-02T21:52:34.721,6581.703085708,0
1082,BSjZJnSKm6BR6rSELbMtBN5GRL3jhtwVs4qCVUYwmjAW,84,67,0.797619047619048,0,0,0,0,0,2023-05-02T03:55:24.399,2023-05-02T21:52:33.381,410.943000003,0
1084,3U4Lpux25Ro7cDTwMVqb1uCY9BWvyfMNdNfzeBZSXFb3,9,6,0.666666666666667,0,0,0,0,0,2023-05-02T03:55:24.503,2023-05-02T21:52:31.424,30.54,0
1087,9fzbQcUfkzoSNZZPbJnxPcrqkHKauq4L9LvRMR3tKkhB,8,0,0,0,0,0,0,0,2023-05-02T03:55:24.607,2023-05-02T21:52:31.847,230.25,0
1089,CFcaebRAdybksetc6Ks5rA7h2L4DfrTFmASX2LAcmwth,24,14,0.583333333333333,0,0,0,0,0,2023-05-02T03:55:24.71,2023-05-02T21:52:29.201,310.450083333,0
1091,Co7fns4TgAA8gcdtFBWCzW4UTcdQVWkXB4KAxNWKJTTL,67,19,0.283582089552239,0,0,0,0,0,2023-05-02T03:55:24.815,2023-05-02T21:52:26.077,57.84,0
1094,95oHc18YoW6qnuPD6o3VDb6d9GUUYmYuPJcWwFwsgDC3,1,0,0,0,0,0,0,0,2023-05-02T03:55:24.915,2023-05-02T21:52:32.918,0.820099999,0
1096,23oWKbNEK7KZaeVBksNMLXhKfmzkoVSFQ2SZPkxB8tXa,2740,1985,0.724452554744526,0,0,0,0,0,2023-05-02T03:55:25.02,2023-05-02T21:52:32.471,9659.94644493401,0
1103,PuiTTpBxc4WdGvX1LmLZ9VkKJd2DMTRiHTwtyw9yNJ8,120,114,0.95,0,0,0,0,0,2023-05-02T03:55:25.299,2023-05-02T21:52:30.152,534.2,0
1105,2ggabde6ckB4dcdk2EkgwGFTPh7upZoSqyueBUXGqxhv,3,2,0.666666666666667,0,0,0,0,0,2023-05-02T03:55:25.412,2023-05-02T21:52:30.867,27.78,0
1108,GHGu1sXJxMXR7bLt1ZxeATufkNYs6QhZDfw4ufKFKHFX,442,348,0.787330316742081,0,0,0,0,0,2023-05-02T03:55:25.514,2023-05-02T21:52:28.923,3362.403066664,0
1110,J6BTQovvuwPfL74DRv35HG9hX5vdHeJ3L3gemogcqe3e,50,38,0.76,0,0,0,0,0,2023-05-02T03:55:25.635,2023-05-02T21:51:45.438,1997.340100001,0
1112,Fb7oX6diMzUwE3F93vXj8XMwHnF5eAp68ckZZa37QN4n,3,2,0.666666666666667,0,0,0,0,0,2023-05-02T03:55:25.748,2023-05-02T21:52:30.59,43.02,0
1117,CVemB4iXnuHVEftkdbHZEu5VsMgFLrDHy1TfhYGUZXM6,3,2,0.666666666666667,0,0,0,0,0,2023-05-02T03:55:25.944,2023-05-02T21:52:35.215,31.13,0
1119,kUiusnqxouFFDrq7XEexJXWzpeSuf3rYDQFrNmX2tF5,1754,1571,0.895667046750285,0,0,0,0,0,2023-05-02T03:55:26.07,2023-05-02T21:52:30.312,12055.371235745,0
1121,FkTWAgfzHM793FZpoN14JweEuT4kMdjCbB4gXnCxFHTK,38,33,0.868421052631579,0,0,0,0,0,2023-05-02T03:55:26.185,2023-05-02T21:52:30.451,139.242499999,0
1124,DVDJUqh2HV4QjFnWwVfnVy6MwFVoRowSkWZV1YmQ4d2A,14,9,0.642857142857143,0,0,0,0,0,2023-05-02T03:55:26.286,2023-05-02T21:52:25.659,14.409999998,0
1126,BrhrkpjBaxc3bYxXZ3m4ff5zctWVCpHc7q6pfkTF2xeL,48,14,0.291666666666667,0,0,0,0,0,2023-05-02T03:55:26.386,2023-05-02T21:52:25.798,372.389999999,0
1128,AkGQHaPPSpS4uAQD8tUWrtF857EW1UpQx8MZjgvCPcnq,10,9,0.9,0,0,0,0,0,2023-05-02T03:55:26.489,2023-05-02T21:52:24.527,26.78,0
1133,H2UKydNVFx2qQRkXbACtkqLzocckdurqUFdqzAPKAeDc,249,199,0.799196787148594,0,0,0,0,0,2023-05-02T03:55:26.672,2023-05-02T21:52:22.951,5318.42350000101,0
1135,BhD54sdQVsjGugq3Fj9CSjWgErRfr7C1XuA1zBW12d3V,171,56,0.327485380116959,0,0,0,0,0,2023-05-02T03:55:26.774,2023-05-02T21:52:23.229,1215.8916,0
1138,2nMUjn4kMLWhaaMcvsifthjwVd8avAoGFTYH7m2HfePf,69,33,0.478260869565217,0,0,0,0,0,2023-05-02T03:55:26.884,2023-05-02T21:52:25.937,346.76,0
1140,GQM3WrDsLcF4MQyUssA4Wn3mHfhUPowpMXbja1Rk4qo7,12,1,0.0833333333333333,0,0,0,0,0,2023-05-02T03:55:27.042,2023-05-02T21:52:24.805,107.7201,0
1145,CrrbWXE6AGk12TPWZgdUzPPFEK66nMdhnreLfY7VaD5d,3418,2645,0.773844353423054,0,0,0,0,0,2023-05-02T03:55:27.296,2023-05-02T21:52:35.01,71021.8926000284,0
1147,FuNzwYsXyY3EaT6iPg4PNT6NwnWEtBHtBgv4U1TzybLd,33,22,0.666666666666667,0,0,0,0,0,2023-05-02T03:55:27.489,2023-05-02T21:52:35.487,360.120000001,0
1149,7j9imwd6a5Y74zfjfDUy6Yzdm7PN5DMc6sPGfkBDV8Tv,39,17,0.435897435897436,0,0,0,0,0,2023-05-02T03:55:27.683,2023-05-02T21:52:35.734,190.977100002,0
1152,3ip2uveZ3b37BL1Y3oqVhGp9XG4u68VeyRx5csxzQRH8,12,0,0,0,0,0,0,0,2023-05-02T03:55:27.83,2023-05-02T21:52:35.97,63.940000001,0
1154,4s91KBg8zX6Ke1jHh1jenSeTS6Dza4r45hG5tiF55eLY,51,13,0.254901960784314,0,0,0,0,0,2023-05-02T03:55:27.931,2023-05-02T21:52:32.763,1300.1001,0
1156,fMgAETjC8a12nzsHA7z5akGCNpVVxRGJdCwcebAy8tV,26,22,0.846153846153846,0,0,0,0,0,2023-05-02T03:55:28.029,2023-05-02T21:52:33.068,1972.342000001,0
1159,BhsjZ53LfL7atW2GAXMj4gQ2bs6iBRM7Cx5wrpBBi5vS,30,26,0.866666666666667,0,0,0,0,0,2023-05-02T03:55:28.147,2023-05-02T21:52:33.219,286.2,0
1161,AgsNEoGxLQ3iXbsnwPPEo8AF36UXKgFNGnNV76CCsw47,15,7,0.466666666666667,0,0,0,0,0,2023-05-02T03:55:28.258,2023-05-02T21:52:30.728,273.990000001,0
1164,BkZ57bFN7VPgn4fY9KpTWYSE2Nhj36q3CbbRmGH1FCAZ,18,12,0.666666666666667,0,0,0,0,0,2023-05-02T03:55:28.368,2023-05-02T21:52:31.138,31.8802,0
1166,6Fqkb9UC4jsm95ekE7dMpNVJiVb7VMpCLWcHVxnpoVkL,605,361,0.596694214876033,0,0,0,0,0,2023-05-02T03:55:28.484,2023-05-02T21:52:33.728,6713.01452811,0
1169,F9hk1hfcvAyKMXVK6Y832YRtWutQnoorJgE8ue5XNbdA,143,101,0.706293706293706,0,0,0,0,0,2023-05-02T03:55:28.586,2023-05-02T21:52:34.118,556.050366665,0
1171,4TcGFBBXjLCXdbFDJ692x1CGaZqG6kWkR6k7asW7e2Fo,14,9,0.642857142857143,0,0,0,0,0,2023-05-02T03:55:28.69,2023-05-02T21:52:29.388,796.370000001,0
1173,FSAXbqX5EXJLVrc973KU6DCYzss6y5WHEiJbTDQVSgW5,40,39,0.975,0,0,0,0,0,2023-05-02T03:55:28.796,2023-05-02T21:52:34.527,2181.45,0
1178,BT1cypCdWbEecK1LmKB78mMGYYVbHS5masnccDQuM5B5,650,311,0.478461538461538,0,0,0,0,0,2023-05-02T03:55:28.992,2023-05-02T21:52:34.312,3658.753056479,0
1180,61msKgiRD72fHu26hzgT6GJnPxNfzLnSxPmS1X6Ukqo4,1,1,1,0,0,0,0,0,2023-05-02T03:55:29.116,2023-05-02T21:52:29.708,0.12,0
1183,VvcvxquhETeFbbH8xQRD8SjCjh8Ky3srqDfJeMVWdJX,47,42,0.893617021276596,0,0,0,0,0,2023-05-02T03:55:29.221,2023-05-02T21:52:31.01,2313.700000002,0
1187,GTiGgZYbsjWeU4kCs8Di3DtPir5NDc9eq6vG8uSq4qJf,10,6,0.6,0,0,0,0,0,2023-05-02T03:55:29.417,2023-05-02T21:52:32.609,188.75,0
1189,mv14MEmKJv9wquj83JnirZRmg8HxtDptQxNomwjHkiZ,116,105,0.905172413793103,0,0,0,0,0,2023-05-02T03:55:29.518,2023-05-02T21:52:29.854,4461.090100004,0
1192,G5ArEMToH2E3QZp4RhgHhE3m35cPBxgqdbQMpMov1a6J,3,1,0.333333333333333,0,0,0,0,0,2023-05-02T03:55:29.62,2023-05-02T21:51:49.306,5.99,0
1194,2sqrAjNMJqCZ6VwQtreJLn1iWqkTKr7diZDc5aHuR11p,207,153,0.739130434782609,0,0,0,0,0,2023-05-02T03:55:29.722,2023-05-02T21:51:47.108,2298.250100002,0
1196,DnbLTd31aPtPQdy6oS768Hnpq29H97vWqEvex8pzfkgu,4,1,0.25,0,0,0,0,0,2023-05-02T03:55:29.822,2023-05-02T21:51:47.52,5.73,0
1199,DXEoeonf5pnYjHGkjgwT46CB4w9QgJCptJ43FWHXkX94,83,36,0.433734939759036,0,0,0,0,0,2023-05-02T03:55:29.93,2023-05-02T21:51:48.717,466.070100005,0
1201,DFWyvFTAEPx5wUrLtSbKvT69hzMeWFKEXzHy47idbo4o,79,67,0.848101265822785,0,0,0,0,0,2023-05-02T03:55:30.042,2023-05-02T21:52:29.57,611.415499999,0
1206,9tdi93RzFnejMNiipxZxx7KfGkrV2RNx7Z97aiw74wFp,464,320,0.689655172413793,0,0,0,0,0,2023-05-02T03:55:30.241,2023-05-02T21:52:36.196,6410.60884809901,0
1208,Dkn5iKbV3qBr4nhrZBusHHdJseb951UhqvctesZcE9Qx,81,23,0.283950617283951,0,0,0,0,0,2023-05-02T03:55:30.344,2023-05-02T21:52:32.306,564.9752,0
1210,7CFc9Jk5ggXgjVhxoj8E4ZrfhUHZG6P3P7wnh5oUps9f,68,41,0.602941176470588,0,0,0,0,0,2023-05-02T03:55:30.448,2023-05-02T21:52:31.277,269.211100005,0
1215,BeeeMQCgfct8mtch7fAdFNYpEraaBcHVfhYks8kDMC4D,3,0,0,0,0,0,0,0,2023-05-02T03:55:30.664,2023-05-02T21:52:31.563,174.61,0
1217,H4dfSserFhYBswmPMF3FdYEbu4aj1AQt7RSXRyVqVjaS,229,125,0.54585152838428,0,0,0,0,0,2023-05-02T03:55:30.792,2023-05-02T21:51:48.43,281.382647613,0
1220,7oKw4oRgRfBzLXuJ3GjavHWMR44zp31j9XHqL6QuzK6B,269,183,0.680297397769517,0,0,0,0,0,2023-05-02T03:55:30.906,2023-05-02T21:51:49.167,10320.632799999,0
1222,DfzKrGQY8A1uGpAGwyXozoAPoFEifKMPyK5HkjkajAAc,15,9,0.6,0,0,0,0,0,2023-05-02T03:55:31.026,2023-05-02T21:51:47.236,107.09,0
1226,DSmFLpmqwPjwhA9c1dDaDA4m3RHZpRBPFv47GuSfZsQ3,30,19,0.633333333333333,0,0,0,0,0,2023-05-02T03:55:31.135,2023-05-02T21:51:47.383,1233.775183333,0
1230,BRfk712kZzBFBosvYp9DmghPG8BdRMutV6YZ4Wu167UB,46,46,1,0,0,0,0,0,2023-05-02T03:55:31.254,2023-05-02T21:51:48.875,118.4602,0
1234,8Ja9zcPvrayzg1Tnc5QDSLZC6X1nWBBsbPNohJCzakdF,5,2,0.4,0,0,0,0,0,2023-05-02T03:55:31.375,2023-05-02T21:51:48.127,34.56,0
1238,3aGrgzJybLDLJy2Ay44LUKbzHYbSmdTFg7CT3JhAB3Sp,25,2,0.08,0,0,0,0,0,2023-05-02T03:55:31.494,2023-05-02T21:51:48.288,307.57,0
1242,Evg5ZYdFBnBBWhcSUnaLV7A9aiCyYvcFaDGt4o6KqoeK,4,2,0.5,0,0,0,0,0,2023-05-02T03:55:31.611,2023-05-02T21:51:48.571,24.74,0
1246,F3u7tN82iDwrNUQmVUhPXo1ethM3dRmux2FpDXs2nP5h,454,383,0.843612334801762,0,0,0,0,0,2023-05-02T03:55:31.733,2023-05-02T21:51:49.021,767.872964037,0